x,u,V,T,Lambda,H2,H,O,O2,OH,H2O,HO2,H2O2,C,CH,CH2,CH2(S),CH3,CH4,CO,CO2,HCO,CH2O,CH2OH,CH3O,CH3OH,C2H,C2H2,C2H3,C2H4,C2H5,C2H6,HCCO,CH2CO,HCCOH,N,NH,NH2,NH3,NNH,NO,NO2,N2O,HNO,CN,HCN,H2CN,HCNN,HCNO,HOCN,HNCO,NCO,N2,AR,C3H7,C3H8,CH2CHO,CH3CHO,Z
0,0.0188165,-2.21552e-28,294,-0.076951,3.59658e-11,3.56172e-21,3.037e-22,0.196495,0,5.35009e-10,3.72764e-15,7.05015e-13,0,7.96242e-24,1.9758e-22,2.2144e-32,2.60285e-19,0.156371,4.54511e-10,2.04011e-10,0,1.15681e-11,4.16633e-35,1.61756e-27,3.85087e-12,0,2.0071e-11,1.57021e-36,3.24945e-11,2.6642e-30,1.26091e-11,2.65961e-32,5.46424e-12,1.99228e-15,7.77982e-21,5.54512e-31,3.97109e-21,2.10013e-14,1.71411e-36,9.21289e-20,4.88967e-16,7.88334e-17,4.14912e-23,9.15325e-25,2.67066e-14,4.11803e-22,1.52479e-32,1.36747e-17,1.22153e-18,1.16418e-15,4.97929e-25,0.647119,1.55751e-05,2.09807e-21,1.93398e-13,2.51638e-30,6.72958e-14,1
0.00408163,0.0187524,0.0157043,294,-0.076951,1.60686e-10,3.64355e-27,1.35686e-21,0.196495,7.1398e-25,2.39029e-09,1.66542e-14,3.14983e-12,0,4.29165e-32,1.7708e-28,3.19061e-36,1.16289e-18,0.156371,2.03064e-09,9.11471e-10,0,5.16832e-11,1.86141e-34,7.22686e-27,1.72047e-11,0,8.96724e-11,7.01525e-36,1.45177e-10,1.1903e-29,5.63345e-11,1.18825e-31,2.44129e-11,8.901e-15,1.76155e-22,3.96693e-34,4.01198e-21,9.38283e-14,7.65857e-36,4.11609e-19,2.18458e-15,3.52208e-16,4.13676e-23,6.37117e-32,1.19318e-13,1.8181e-21,6.81771e-32,6.10949e-17,5.45748e-18,5.20124e-15,2.22462e-24,0.647119,1.55751e-05,9.37363e-21,8.64053e-13,1.12426e-29,3.00661e-13,1
0.00816327,0.0185601,0.0314086,294,-0.076951,7.1643e-10,2.2936e-32,3.19788e-22,0.196495,1.78683e-25,1.06573e-08,7.42535e-14,1.40438e-11,0,2.29476e-40,3.64832e-32,1.1947e-39,5.40444e-18,0.156371,9.05378e-09,4.06386e-09,1.65254e-31,2.30433e-10,2.03466e-34,1.49701e-25,7.67085e-11,0,3.99811e-10,1.0326e-34,6.47285e-10,2.26194e-28,2.51172e-10,1.24866e-31,1.08847e-10,3.96858e-14,3.95756e-24,1.35147e-33,4.19418e-21,4.18341e-13,4.83345e-41,1.76298e-18,9.74013e-15,1.57035e-15,4.12578e-23,4.39942e-39,5.31991e-13,8.08445e-21,5.47992e-39,2.72397e-16,2.43326e-17,2.31901e-14,3.28944e-24,0.647119,1.55751e-05,4.17932e-20,3.85245e-12,1.17846e-29,1.34052e-12,1
0.0122449,0.0182396,0.0471129,294.001,-0.076951,3.17309e-09,2.36307e-32,6.59403e-23,0.196494,2.88891e-25,4.72015e-08,3.28872e-13,6.22003e-11,0,1.21107e-48,3.31753e-32,5.15863e-40,2.43141e-17,0.156371,4.00995e-08,1.7999e-08,3.31475e-31,1.0206e-09,4.32663e-34,2.98253e-24,3.39745e-10,1.43248e-44,1.77078e-09,2.02014e-33,2.86685e-09,4.4287e-27,1.11245e-09,1.14411e-31,4.82085e-10,1.7577e-13,8.77483e-26,5.9779e-33,4.99963e-21,1.85285e-12,4.96718e-41,7.73508e-18,4.31394e-14,6.95512e-15,4.1212e-23,7.03413e-46,2.3562e-12,3.57848e-20,4.07593e-46,1.20645e-15,1.0777e-16,1.0271e-13,7.99221e-24,0.647119,1.55751e-05,1.85106e-19,1.70626e-11,1.08765e-29,5.93721e-12,1
0.0163265,0.0177911,0.0628174,294.003,-0.076951,1.38876e-08,1.64336e-31,1.31606e-23,0.196494,4.89932e-24,2.06586e-07,1.43938e-12,2.72231e-10,0,4.24014e-53,2.89793e-32,1.27619e-39,1.06755e-16,0.156371,1.75503e-07,7.87759e-08,3.89199e-30,4.46683e-09,1.2122e-32,5.73066e-23,1.48695e-09,1.09577e-42,7.75013e-09,3.91289e-32,1.25473e-08,8.48422e-26,4.86883e-09,1.31414e-31,2.10993e-09,7.69289e-13,1.90932e-27,2.63161e-32,8.51258e-21,8.10932e-12,3.45466e-40,3.37822e-17,1.88807e-13,3.04403e-14,4.14517e-23,2.99681e-44,1.03124e-11,1.56598e-19,9.69596e-53,5.28026e-15,4.71675e-16,4.49529e-13,2.85026e-23,0.647119,1.55751e-05,8.10181e-19,7.46777e-11,1.17106e-29,2.59853e-11,1
0.0204082,0.0172147,0.0785225,294.011,-0.076951,5.97316e-08,3.85331e-30,2.93549e-24,0.196493,9.05281e-23,8.88539e-07,6.19108e-12,1.17088e-09,0,3.87411e-54,2.78042e-32,8.26353e-38,4.59404e-16,0.15637,7.54848e-07,3.3882e-07,8.08734e-29,1.92121e-08,7.81621e-31,1.06053e-21,6.39549e-09,8.71547e-41,3.33338e-08,7.57186e-31,5.39666e-08,1.57101e-24,2.09412e-08,2.62663e-30,9.07496e-09,3.30876e-12,4.05183e-29,1.17228e-31,6.48082e-20,3.48787e-11,8.10349e-39,1.45235e-16,8.12072e-13,1.30926e-13,4.29202e-23,2.3834e-42,4.43541e-11,6.73517e-19,6.15402e-54,2.27108e-14,2.0287e-15,1.93345e-12,1.16261e-22,0.647119,1.55751e-05,3.48524e-18,3.21194e-10,5.38063e-29,1.11764e-10,1
0.0244898,0.0165117,0.0942306,294.047,-0.076951,2.50999e-07,1.42082e-28,6.93373e-24,0.196488,1.59702e-21,3.73374e-06,2.60198e-11,4.92018e-09,3.45176e-41,4.76163e-55,2.76121e-31,6.06583e-36,1.93086e-15,0.156368,3.17196e-06,1.42376e-06,2.23983e-27,8.07315e-08,5.50041e-29,1.8727e-20,2.68746e-08,6.48253e-39,1.40072e-07,1.58205e-29,2.26774e-07,2.78629e-23,8.79971e-08,1.88629e-28,3.8134e-08,1.39038e-11,8.32247e-31,5.6889e-31,3.15719e-19,1.46564e-10,2.99273e-37,6.10335e-16,3.41242e-12,5.50165e-13,4.95109e-23,1.77215e-40,1.86381e-10,2.83018e-18,7.5623e-55,9.54332e-14,8.52485e-15,8.12458e-12,4.82432e-22,0.647119,1.55751e-05,1.46563e-17,1.34969e-09,1.0272e-27,4.69646e-10,0.999999
0.0285714,0.0156864,0.109951,294.193,-0.076951,1.02398e-06,7.32331e-27,8.84284e-23,0.196469,2.64679e-20,1.52322e-05,1.06224e-10,2.00724e-08,7.91521e-41,1.33526e-52,1.43769e-29,4.10212e-34,7.8786e-15,0.156358,1.29404e-05,5.80839e-06,9.16943e-26,3.29354e-07,3.67094e-27,3.11679e-19,1.09638e-07,4.44286e-37,5.71441e-07,4.27875e-28,9.2515e-07,4.72227e-22,3.58994e-07,1.27525e-26,1.55572e-07,5.67221e-11,1.63487e-32,4.9572e-30,1.32998e-18,5.97926e-10,1.55249e-35,2.49181e-15,1.39214e-11,2.24446e-12,1.05238e-22,1.21288e-38,7.60363e-10,1.1546e-17,2.11889e-52,3.8933e-13,3.47781e-14,3.31452e-11,1.96275e-21,0.64712,1.55751e-05,5.99848e-17,5.50622e-09,3.04006e-26,1.91597e-09,0.999997
0.0326531,0.0147543,0.125721,294.757,-0.076951,4.02676e-06,4.07839e-25,1.16374e-21,0.196395,4.027e-19,5.99002e-05,4.18944e-10,7.89333e-08,2.50633e-41,1.43337e-49,7.45881e-28,2.46072e-32,3.09915e-14,0.156321,5.08875e-05,2.28413e-05,4.6208e-24,1.29517e-06,2.18635e-25,4.82168e-18,4.31147e-07,2.80167e-35,2.24717e-06,1.64547e-26,3.63812e-06,7.81205e-21,1.41173e-06,7.65763e-25,6.11782e-07,2.23058e-10,2.99067e-34,1.01005e-28,5.27413e-18,2.35132e-09,8.86394e-34,9.83144e-15,5.47452e-11,8.82627e-12,5.3625e-22,7.60736e-37,2.9901e-09,4.54043e-17,2.31892e-49,1.53103e-12,1.36764e-13,1.30342e-10,7.72141e-21,0.647121,1.55749e-05,2.39109e-16,2.1653e-08,1.30945e-24,7.5345e-09,0.999987
0.0367347,0.0137656,0.14167,296.844,-0.076951,1.5127e-05,2.05886e-23,1.49302e-20,0.19612,5.37065e-18,0.000225022,1.59265e-09,2.96512e-07,3.25913e-43,3.16469e-44,3.62682e-26,1.2455e-30,1.166e-13,0.156186,0.000191165,8.58058e-05,2.20749e-22,4.86545e-06,1.08867e-23,6.82725e-17,1.61965e-06,1.70178e-33,8.44175e-06,7.38433e-25,1.3667e-05,1.35099e-19,5.30333e-06,3.89474e-23,2.29822e-06,8.3794e-10,4.73896e-36,1.61187e-27,1.99159e-17,8.83299e-09,4.90185e-32,3.74365e-14,2.05655e-10,3.31568e-11,2.14107e-21,4.53036e-35,1.12326e-08,1.70566e-16,3.01943e-43,5.75147e-12,5.13767e-13,4.89645e-10,2.91341e-20,0.647125,1.55744e-05,9.48539e-16,8.13419e-08,7.30245e-23,2.83042e-08,0.999953
0.0408163,0.0128684,0.158201,304.062,-0.076951,5.35448e-05,8.5302e-22,1.71534e-19,0.19517,5.72565e-17,0.000796507,5.89925e-09,1.04943e-06,7.37157e-44,2.23521e-43,1.52121e-24,4.90658e-29,4.18792e-13,0.155715,0.000676664,0.000303726,8.24695e-21,1.72222e-05,4.03795e-22,8.76348e-16,5.73307e-06,1.22598e-31,2.98812e-05,3.10942e-23,4.8377e-05,2.54427e-18,1.87722e-05,1.54724e-21,8.13501e-06,2.96605e-09,6.05071e-37,2.57059e-26,7.13858e-17,3.12661e-08,2.75512e-30,1.39613e-13,7.27947e-10,1.17365e-10,7.81009e-21,3.0517e-33,3.97601e-08,6.03753e-16,4.09788e-43,2.03585e-11,1.81858e-12,1.73319e-09,1.04986e-19,0.647139,1.55725e-05,4.09332e-15,2.87926e-07,4.76913e-21,1.00188e-07,0.999832
0.044898,0.0124304,0.176293,326.661,-0.076951,0.000174138,3.04676e-20,1.80419e-18,0.192186,4.5911e-16,0.00259039,2.23004e-08,3.41133e-06,2.50967e-43,3.12921e-40,5.7486e-23,1.57339e-27,1.55577e-12,0.154239,0.00220064,0.000987777,2.19346e-19,5.60099e-05,1.01155e-20,1.08442e-14,1.8645e-05,2.02884e-29,9.71795e-05,1.27988e-21,0.000157331,4.51395e-17,6.10506e-05,4.68053e-20,2.64566e-05,9.64617e-09,4.19999e-35,5.3997e-25,2.40985e-16,1.01683e-07,2.32922e-28,5.42896e-13,2.36729e-09,3.81694e-10,2.71113e-20,4.13899e-31,1.29307e-07,1.9635e-15,4.10848e-40,6.62096e-11,5.91437e-12,5.63667e-09,3.64588e-19,0.647185,1.55666e-05,2.38911e-14,9.36389e-07,3.35211e-19,3.25831e-07,0.999453
0.0469388,0.0126797,0.186628,352.865,-0.076951,0.000314831,3.25263e-19,9.76823e-18,0.188705,1.83826e-15,0.00468328,5.19189e-08,6.16151e-06,0,3.67392e-38,6.34067e-22,1.9199e-26,4.44919e-12,0.152517,0.00397863,0.00178584,1.67853e-18,0.000101263,7.13899e-20,6.10777e-14,3.37091e-05,9.43429e-28,0.000175695,1.55124e-20,0.000284445,2.98449e-16,0.000110376,3.94626e-19,4.7832e-05,1.74397e-08,1.49604e-33,4.13473e-24,4.77555e-16,1.83837e-07,5.82382e-27,1.36572e-12,4.27932e-09,6.9008e-10,6.02779e-20,1.55691e-29,2.3378e-07,3.54909e-15,4.13842e-38,1.19703e-10,1.06928e-11,1.01908e-08,7.69713e-19,0.647237,1.55597e-05,1.10316e-13,1.69294e-06,5.08353e-18,5.89083e-07,0.999012
0.0489796,0.0134993,0.198401,397.777,-0.076951,0.000558431,5.40718e-18,7.56386e-17,0.182678,8.21635e-15,0.00830696,1.2804e-07,1.09104e-05,5.33934e-42,1.05017e-35,1.07259e-20,3.37576e-25,1.59831e-11,0.149535,0.00705708,0.00316763,1.68447e-17,0.000179614,5.66715e-19,3.89708e-13,5.97915e-05,1.05425e-25,0.000311638,3.04985e-19,0.000504534,2.18415e-15,0.000195779,3.92562e-18,8.48419e-05,3.09336e-08,1.61998e-31,5.10944e-23,9.94019e-16,3.26081e-07,3.14603e-25,3.81938e-12,7.58829e-09,1.22403e-09,1.65131e-19,1.25626e-27,4.14667e-07,6.28748e-15,9.11953e-36,2.12323e-10,1.89664e-11,1.80759e-08,1.79237e-18,0.647329,1.55478e-05,6.13929e-13,3.00284e-06,1.14529e-16,1.04489e-06,0.998247
0.05,0.0141965,0.204943,430.044,-0.076951,0.000736466,3.64368e-17,3.1458e-16,0.178273,2.38384e-14,0.0109553,2.15411e-07,1.43648e-05,0,4.58466e-34,6.83314e-20,2.68915e-24,4.11463e-11,0.147356,0.00930697,0.00417751,8.2569e-17,0.000236877,2.25447e-18,1.30418e-12,7.88538e-05,1.95534e-24,0.000410992,2.14542e-18,0.000665387,8.77619e-15,0.000258196,1.737e-17,0.000111891,4.07957e-08,5.61578e-30,2.95287e-22,1.68725e-15,4.3004e-07,4.19554e-24,7.40767e-12,1.00039e-08,1.61426e-09,4.10316e-19,1.88897e-26,5.46868e-07,8.25575e-15,3.32156e-34,2.80014e-10,2.50131e-11,2.38387e-08,3.40244e-18,0.647396,1.55391e-05,2.12176e-12,3.96019e-06,8.69713e-16,1.37801e-06,0.997688
0.0510204,0.0151122,0.211969,470.038,-0.076951,0.000960687,2.8646e-16,1.46517e-15,0.172726,7.21945e-14,0.0142907,3.6641e-07,1.86942e-05,5.07517e-40,2.69243e-32,4.98496e-19,2.47701e-23,1.11722e-10,0.144611,0.0121405,0.00544938,4.85321e-16,0.000308996,1.00312e-17,4.28877e-12,0.000102861,4.1185e-23,0.000536121,1.76493e-17,0.000867967,3.82591e-14,0.000336805,8.13802e-17,0.000145956,5.32162e-08,2.16423e-28,2.08827e-21,3.07809e-15,5.60968e-07,6.67516e-23,1.49069e-11,1.30416e-08,2.10573e-09,1.20919e-18,3.13903e-25,7.13365e-07,1.06417e-14,1.57267e-32,3.65266e-10,3.26285e-11,3.10965e-08,7.28788e-18,0.64748,1.55282e-05,7.29978e-12,5.16589e-06,7.57461e-15,1.79755e-06,0.996985
0.0520408,0.0162438,0.219448,517.969,-0.076951,0.00123488,2.66926e-15,7.7074e-15,0.165942,2.47185e-13,0.0183696,6.29178e-07,2.39479e-05,7.16816e-40,2.16562e-30,4.17413e-18,3.06076e-22,3.39025e-10,0.141255,0.0156057,0.00700473,3.44794e-15,0.000397187,5.90159e-17,1.45732e-11,0.00013222,9.79264e-22,0.00068914,1.69686e-16,0.0011157,2.00672e-13,0.000432936,4.37572e-16,0.000187615,6.8405e-08,8.82194e-27,1.83888e-20,6.40118e-15,7.21079e-07,1.23859e-21,3.162e-11,1.67448e-08,2.70675e-09,4.4319e-18,5.78126e-24,9.16973e-07,1.33387e-14,9.92238e-31,4.6952e-10,4.19412e-11,3.9972e-08,1.91025e-17,0.647583,1.55147e-05,2.63449e-11,6.64032e-06,7.65586e-14,2.31061e-06,0.996124
0.0530612,0.0175796,0.227325,573.708,-0.076951,0.00156155,2.8974e-14,4.55369e-14,0.157859,1.01277e-12,0.0232289,1.09106e-06,3.01285e-05,5.86993e-39,2.31503e-28,3.9647e-17,5.19947e-21,1.18456e-09,0.137256,0.0197338,0.0088577,2.75241e-14,0.000502252,5.02767e-16,5.2545e-11,0.000167195,2.59022e-20,0.000871438,1.85584e-15,0.00141084,1.30034e-12,0.00054746,2.87352e-15,0.000237245,8.65002e-08,3.41369e-25,1.90341e-19,1.62499e-14,9.11826e-07,2.55747e-20,7.1412e-11,2.11262e-08,3.42277e-09,1.93985e-17,1.17527e-22,1.15954e-06,1.71493e-14,8.17755e-29,5.93722e-10,5.3036e-11,5.05458e-08,6.56918e-17,0.647706,1.54988e-05,9.43298e-11,8.39689e-06,8.79967e-13,2.92185e-06,0.995099
0.0540816,0.019103,0.235529,636.882,-0.076951,0.00194211,3.61109e-13,3.21125e-13,0.148444,5.19464e-12,0.0288898,1.91747e-06,3.717e-05,2.76168e-36,3.42298e-26,4.51561e-16,1.19236e-19,4.88147e-09,0.132598,0.0245431,0.0110164,2.36658e-13,0.00062464,5.70254e-15,2.04469e-10,0.000207935,7.59108e-19,0.00108381,2.33107e-14,0.00175466,1.04861e-11,0.000680879,2.46669e-14,0.000295064,1.07581e-07,1.17452e-23,2.23217e-18,5.31445e-14,1.13404e-06,5.69198e-19,1.73398e-10,2.6145e-08,4.25691e-09,9.6802e-17,2.65678e-21,1.44213e-06,2.78046e-14,9.26941e-27,7.38416e-10,6.59611e-11,6.28641e-08,3.0987e-16,0.647849,1.54802e-05,2.87601e-10,1.04432e-05,1.13543e-11,3.63401e-06,0.993904
0.055102,0.0207957,0.243978,706.986,-0.076951,0.00237712,4.94462e-12,2.9652e-12,0.13768,3.36614e-11,0.0353607,3.43951e-06,4.48597e-05,3.3181e-32,7.3172e-24,6.74206e-15,3.69868e-18,2.39261e-08,0.127273,0.0300403,0.0134839,2.26464e-12,0.000764501,7.76721e-14,8.56604e-10,0.000254464,2.41971e-17,0.00132658,3.41143e-13,0.00214769,1.06044e-10,0.00083339,2.95556e-13,0.000361167,1.3168e-07,3.56956e-22,3.04332e-17,2.27776e-13,1.38805e-06,1.29818e-17,4.57491e-10,3.16252e-08,5.21041e-09,5.49871e-16,6.63715e-20,1.76514e-06,6.13153e-14,1.52788e-24,9.03816e-10,8.07358e-11,7.69448e-08,2.03374e-15,0.648012,1.54589e-05,5.81675e-10,1.27822e-05,1.58014e-10,4.4484e-06,0.992539
0.0561224,0.02264,0.252588,783.455,-0.076951,0.00286639,6.76903e-11,3.46407e-11,0.125577,2.65342e-10,0.0426376,6.31659e-06,5.25322e-05,1.29938e-28,1.98748e-21,1.27479e-13,1.4706e-16,1.36648e-07,0.121285,0.0362226,0.0162587,2.53537e-11,0.000921529,1.2354e-12,3.84162e-09,0.000306519,7.98887e-16,0.00159962,5.46661e-12,0.00258969,1.24735e-09,0.00100492,4.83983e-12,0.000435615,1.5881e-07,1.07816e-20,4.96746e-16,1.23806e-12,1.67373e-06,2.76395e-16,1.31617e-09,3.69617e-08,6.28276e-09,3.7263e-15,1.7705e-18,2.12843e-06,1.66916e-13,3.25069e-22,1.08989e-09,9.73561e-11,9.27806e-08,1.75132e-14,0.648196,1.5435e-05,9.50877e-10,1.54124e-05,2.11129e-09,5.3655e-06,0.991003
0.0571429,0.0246184,0.261275,865.667,-0.076951,0.00340914,7.63208e-10,3.91331e-10,0.112165,2.12736e-09,0.0507017,1.13037e-05,5.78653e-05,3.44958e-25,4.34698e-19,2.34761e-12,5.75341e-15,8.05511e-07,0.114648,0.0430753,0.0193339,2.89503e-10,0.00109312,1.97347e-11,1.66292e-08,0.000362301,2.28393e-14,0.00190263,7.92188e-11,0.00307975,1.34312e-08,0.00119524,8.28695e-11,0.000519138,1.89223e-07,4.46664e-19,8.3378e-15,7.2196e-12,1.99049e-06,4.54875e-15,3.97438e-09,4.02633e-08,7.47182e-09,2.95874e-14,4.28883e-17,2.53126e-06,4.56277e-13,5.70608e-20,1.29708e-09,1.15851e-10,1.10339e-07,1.56794e-13,0.6484,1.54085e-05,1.66631e-09,1.83294e-05,1.95059e-08,6.38028e-06,0.989301
0.0581633,0.0267049,0.269957,952.641,-0.076951,0.00400458,4.73496e-09,2.57766e-09,0.097559,1.09778e-08,0.0594931,1.65445e-05,5.37182e-05,1.69986e-22,3.10013e-17,2.55077e-11,1.13613e-13,3.48387e-06,0.107403,0.0505597,0.0226895,2.18225e-09,0.00125912,1.9765e-10,4.50401e-08,0.000411472,3.59198e-13,0.00223678,7.09422e-10,0.00361562,8.68953e-08,0.0014039,8.70873e-10,0.000616892,2.25771e-07,1.55845e-17,8.97811e-14,2.93714e-11,2.33743e-06,3.8886e-14,1.07555e-08,3.7943e-08,8.77364e-09,1.91997e-13,6.08655e-16,2.97251e-06,8.26992e-13,3.37438e-18,1.53345e-09,1.36922e-10,1.29566e-07,8.99015e-13,0.648623,1.53794e-05,2.50669e-09,2.15422e-05,6.46789e-08,7.374e-06,0.987436
0.0591837,0.0288363,0.278565,1042.05,-0.076951,0.00465022,1.55257e-08,8.87697e-09,0.0821107,3.24556e-08,0.0688065,1.96927e-05,3.33178e-05,1.27537e-20,6.13097e-16,1.44792e-10,9.10709e-13,9.45176e-06,0.0996984,0.0585572,0.0262669,9.59197e-09,0.00134372,1.03271e-09,6.88225e-08,0.000424591,2.77219e-12,0.00261159,3.79471e-09,0.00418959,3.03207e-07,0.00162073,4.95255e-09,0.000736986,2.80848e-07,2.07316e-16,4.85633e-13,7.35018e-11,2.71352e-06,1.66452e-13,2.15427e-08,3.01286e-08,1.01776e-08,7.51286e-13,4.53527e-15,3.45111e-06,9.52404e-13,5.73525e-17,1.84351e-09,1.64269e-10,1.50377e-07,2.84341e-12,0.648865,1.53479e-05,2.84688e-09,2.49714e-05,8.40831e-08,7.84035e-06,0.985413
0.0602041,0.0308918,0.287047,1129.51,-0.076951,0.00533473,3.5862e-08,2.04571e-08,0.0665465,6.46756e-08,0.0781801,1.97557e-05,1.28286e-05,3.29739e-19,5.68664e-15,5.45258e-10,4.09093e-12,1.87794e-05,0.0918637,0.0667796,0.0299256,2.67647e-08,0.00125442,3.30214e-09,7.41187e-08,0.000376373,1.25164e-11,0.00305231,1.51406e-08,0.00477683,6.57222e-07,0.00179822,1.91045e-08,0.000875918,3.69333e-07,1.3473e-15,1.57533e-12,1.35738e-10,3.11757e-06,4.7628e-13,3.38204e-08,2.05654e-08,1.16323e-08,1.98112e-12,2.11715e-14,3.96646e-06,9.36737e-13,4.70093e-16,2.32329e-09,2.02142e-10,1.72487e-07,6.12268e-12,0.649125,1.53141e-05,2.90227e-09,2.75515e-05,8.33509e-08,7.55344e-06,0.983239
0.0612245,0.0327145,0.295379,1209.48,-0.076951,0.00603403,7.00139e-08,3.71233e-08,0.051842,1.02681e-07,0.0869913,1.62708e-05,4.36047e-06,5.06185e-18,3.54826e-14,1.62981e-09,1.37054e-11,3.15786e-05,0.0843433,0.0747588,0.0334376,5.09991e-08,0.000991221,7.22988e-09,6.39579e-08,0.000277752,4.01278e-11,0.00360423,4.9998e-08,0.00532137,1.01037e-06,0.00186611,5.82095e-08,0.00101716,4.88007e-07,5.90051e-15,3.67231e-12,2.21391e-10,3.5487e-06,1.09578e-12,4.5884e-08,1.17844e-08,1.29489e-08,4.03067e-12,7.35412e-14,4.5198e-06,9.48647e-13,2.61278e-15,3.08178e-09,2.46701e-10,1.95127e-07,1.06071e-11,0.649404,1.52778e-05,3.011e-09,2.69047e-05,8.466e-08,6.77822e-06,0.980913
0.0622449,0.0341615,0.303563,1277,-0.076951,0.00671234,1.19681e-07,5.44564e-08,0.038929,1.41854e-07,0.0946626,1.11883e-05,1.62108e-06,5.12382e-17,1.60271e-13,4.02804e-09,3.70197e-11,4.65824e-05,0.077566,0.0819385,0.036574,6.92292e-08,0.000670471,1.10123e-08,4.62242e-08,0.000170895,1.01898e-10,0.00433146,1.31976e-07,0.00572623,1.24054e-06,0.00177795,1.41462e-07,0.00112503,6.23383e-07,1.93697e-14,6.61485e-12,3.38186e-10,4.0069e-06,2.11068e-12,5.65987e-08,5.82765e-09,1.37387e-08,6.61838e-12,2.00675e-13,5.11589e-06,1.01639e-12,1.04384e-14,4.16981e-09,2.89521e-10,2.16886e-07,1.53619e-11,0.649701,1.52391e-05,3.07037e-09,2.19415e-05,8.65044e-08,5.78298e-06,0.978428
0.0632653,0.0351475,0.311619,1329.32,-0.076951,0.00733013,1.75109e-07,6.31988e-08,0.0284413,1.72786e-07,0.100817,6.79871e-06,6.73858e-07,3.08475e-16,4.88657e-13,7.89928e-09,7.72651e-11,5.95795e-05,0.0718523,0.087841,0.0392138,7.02399e-08,0.000411659,1.18197e-08,2.87059e-08,9.20989e-05,2.08598e-10,0.00528402,2.59906e-07,0.00588055,1.2739e-06,0.00154826,2.60727e-07,0.00115327,7.68729e-07,4.75288e-14,9.34011e-12,4.70075e-10,4.49266e-06,3.35222e-12,6.67048e-08,2.80164e-09,1.36458e-08,8.76204e-12,4.22014e-13,5.76251e-06,1.10208e-12,2.8141e-14,5.50021e-09,3.2665e-10,2.35977e-07,1.8278e-11,0.650019,1.51977e-05,2.82312e-09,1.48044e-05,8.01933e-08,4.69483e-06,0.97577
0.0642857,0.035675,0.319577,1366.73,-0.076951,0.00786021,2.19338e-07,5.90936e-08,0.0205188,1.86875e-07,0.105396,3.93281e-06,3.13526e-07,1.05646e-15,9.77252e-13,1.20013e-08,1.21879e-10,6.65797e-05,0.0672985,0.0922778,0.0413665,5.76491e-08,0.000246808,9.72299e-09,1.62098e-08,4.74008e-05,3.45444e-10,0.00643578,3.81824e-07,0.00574105,1.12325e-06,0.00125227,3.60793e-07,0.00108489,9.17774e-07,8.83034e-14,1.07147e-11,5.83814e-10,5.00709e-06,4.42968e-12,7.85939e-08,1.48769e-09,1.26845e-08,9.61378e-12,6.93195e-13,6.46862e-06,1.17003e-12,5.06464e-14,6.87137e-09,3.58792e-10,2.51363e-07,1.81664e-11,0.650361,1.51533e-05,2.29746e-09,8.67452e-06,6.45923e-08,3.6186e-06,0.972917
0.0653061,0.0358197,0.327465,1391.98,-0.076951,0.00829647,2.42441e-07,4.72354e-08,0.0148392,1.84003e-07,0.108619,2.2943e-06,1.61915e-07,2.21494e-15,1.35997e-12,1.45464e-08,1.50675e-10,6.70711e-05,0.063769,0.0953825,0.0431146,4.15358e-08,0.000151466,6.91866e-09,8.86053e-09,2.5285e-05,4.75508e-10,0.00767921,4.45946e-07,0.00536937,8.87178e-07,0.000968034,3.92796e-07,0.000948461,1.05823e-06,1.30331e-13,1.06546e-11,6.57944e-10,5.5524e-06,5.0644e-12,9.49306e-08,9.28808e-10,1.11851e-08,9.29047e-12,9.3978e-13,7.24199e-06,1.20701e-12,6.51592e-14,8.10963e-09,3.88085e-10,2.6353e-07,1.59125e-11,0.650728,1.51054e-05,1.7249e-09,4.75209e-06,4.63295e-08,2.67834e-06,0.969844
0.0663265,0.0356834,0.335304,1408.63,-0.076951,0.00864917,2.46543e-07,3.45185e-08,0.0108667,1.71033e-07,0.110823,1.39037e-06,9.14988e-08,3.25721e-15,1.46317e-12,1.49554e-08,1.56413e-10,6.32785e-05,0.0610154,0.0974575,0.0445562,2.80775e-08,9.67175e-05,4.70477e-09,4.90443e-09,1.46292e-05,5.70806e-10,0.00889525,4.48792e-07,0.0048759,6.59034e-07,0.000734671,3.61629e-07,0.000787485,1.1807e-06,1.64287e-13,9.83382e-12,6.94898e-10,6.13178e-06,5.26071e-12,1.17985e-07,6.78001e-10,9.50915e-09,8.44659e-12,1.12321e-12,8.08863e-06,1.21976e-12,6.64256e-14,9.14436e-09,4.17171e-10,2.73901e-07,1.30433e-11,0.651125,1.50538e-05,1.25462e-09,2.58583e-06,3.10674e-08,1.94059e-06,0.966527
0.0673469,0.0353548,0.343109,1419.69,-0.076951,0.00893488,2.38954e-07,2.42597e-08,0.00809225,1.54706e-07,0.112316,8.82691e-07,5.568e-08,3.81602e-15,1.34111e-12,1.38359e-08,1.45444e-10,5.76538e-05,0.0587967,0.0988092,0.045776,1.86319e-08,6.42754e-05,3.22425e-09,2.81176e-09,9.24984e-06,6.26327e-10,0.010007,4.15174e-07,0.0043542,4.78322e-07,0.000557459,3.00301e-07,0.000633074,1.28302e-06,1.90457e-13,8.86915e-12,7.08141e-10,6.74905e-06,5.1694e-12,1.49569e-07,5.57593e-10,7.89585e-09,7.58966e-12,1.24719e-12,9.01342e-06,1.2206e-12,5.87185e-14,9.97032e-09,4.48312e-10,2.83883e-07,1.04584e-11,0.651555,1.49979e-05,9.1137e-10,1.44678e-06,2.02806e-08,1.39877e-06,0.962941
0.0683673,0.0348979,0.350887,1427.3,-0.076951,0.00916956,2.26102e-07,1.69077e-08,0.00612982,1.38849e-07,0.113329,5.85728e-07,3.59401e-08,3.90636e-15,1.12249e-12,1.20265e-08,1.26918e-10,5.17553e-05,0.0569282,0.0996758,0.0468377,1.24685e-08,4.42426e-05,2.26761e-09,1.6817e-09,6.30564e-06,6.50889e-10,0.010984,3.68394e-07,0.00385977,3.47349e-07,0.00042715,2.35464e-07,0.000499642,1.36752e-06,2.1551e-13,8.06772e-12,7.10254e-10,7.40816e-06,4.93767e-12,1.91166e-07,4.96486e-10,6.45924e-09,6.93987e-12,1.33174e-12,1.00208e-05,1.2193e-12,4.79269e-14,1.06002e-08,4.82983e-10,2.94455e-07,8.42022e-12,0.652019,1.49375e-05,6.70638e-10,8.44171e-07,1.32145e-08,1.01279e-06,0.959061
0.0693878,0.0343543,0.358641,1432.82,-0.076951,0.00936602,2.11969e-07,1.18756e-08,0.00471493,1.25e-07,0.114022,4.03794e-07,2.42938e-08,3.71022e-15,8.96796e-13,1.01008e-08,1.07087e-10,4.6318e-05,0.0552815,0.100222,0.0477868,8.53692e-09,3.13662e-05,1.64021e-09,1.04871e-09,4.54943e-06,6.56047e-10,0.0118251,3.21632e-07,0.00341723,2.5565e-07,0.000332009,1.79478e-07,0.000390634,1.43795e-06,2.4714e-13,7.52481e-12,7.09594e-10,8.11296e-06,4.66148e-12,2.44077e-07,4.63864e-10,5.23412e-09,6.54722e-12,1.39621e-12,1.11153e-05,1.22187e-12,3.75776e-14,1.10475e-08,5.22067e-10,3.06195e-07,6.89815e-12,0.652521,1.48722e-05,5.02743e-10,5.15154e-07,8.70809e-09,7.39947e-07,0.954866
0.0704082,0.0337504,0.366372,1437.12,-0.076951,0.00953382,1.98602e-07,8.4689e-09,0.00367318,1.13525e-07,0.114497,2.87298e-07,1.70217e-08,3.39421e-15,7.02668e-13,8.34063e-09,8.89852e-11,4.15969e-05,0.0537709,0.100556,0.0486552,6.02192e-09,2.27855e-05,1.21724e-09,6.79428e-10,3.4194e-06,6.5117e-10,0.0125425,2.80337e-07,0.00303289,1.91907e-07,0.000262161,1.35346e-07,0.000304255,1.49796e-06,2.9167e-13,7.24402e-12,7.11018e-10,8.86709e-06,4.3924e-12,3.09519e-07,4.44955e-10,4.21523e-09,6.39729e-12,1.4548e-12,1.23011e-05,1.23161e-12,2.89876e-14,1.13261e-08,5.66152e-10,3.19427e-07,5.78422e-12,0.653063,1.48016e-05,3.84642e-10,3.28158e-07,5.83792e-09,5.46172e-07,0.950335
0.0714286,0.0331028,0.374078,1440.74,-0.076951,0.00967983,1.86909e-07,6.14836e-09,0.00289038,1.04315e-07,0.114825,2.09708e-07,1.22635e-08,3.06067e-15,5.48831e-13,6.84347e-09,7.36465e-11,3.76201e-05,0.0523388,0.100749,0.0494654,4.3884e-09,1.68828e-05,9.24243e-10,4.55289e-10,2.64682e-06,6.42644e-10,0.0131528,2.45896e-07,0.00270403,1.47319e-07,0.000210301,1.02022e-07,0.000236891,1.55064e-06,3.53863e-13,7.2025e-12,7.17272e-10,9.67395e-06,4.15468e-12,3.88705e-07,4.31965e-10,3.38073e-09,6.46242e-12,1.51718e-12,1.35827e-05,1.25041e-12,2.23178e-14,1.14517e-08,6.15739e-10,3.34348e-07,4.97446e-12,0.653648,1.47254e-05,3.00385e-10,2.17451e-07,3.98916e-09,4.07047e-07,0.945447
0.072449,0.0324219,0.381755,1444,-0.076951,0.00980894,1.77204e-07,4.54483e-09,0.00229104,9.71173e-08,0.115049,1.56228e-07,9.02748e-09,2.75952e-15,4.3156e-13,5.61589e-09,6.11313e-11,3.43262e-05,0.0509465,0.100847,0.0502333,3.30526e-09,1.27069e-05,7.16452e-10,3.14181e-10,2.09346e-06,6.34504e-10,0.0136722,2.17971e-07,0.0024243,1.15734e-07,0.00017127,7.73147e-08,0.000184741,1.5985e-06,4.37425e-13,7.37739e-12,7.30011e-10,1.05367e-05,3.95803e-12,4.82886e-07,4.20448e-10,2.70413e-09,6.72012e-12,1.59021e-12,1.49644e-05,1.27943e-12,1.72971e-14,1.14428e-08,6.71359e-10,3.51102e-07,4.38862e-12,0.654278,1.46435e-05,2.3929e-10,1.49316e-07,2.77768e-09,3.05784e-07,0.940183
0.0734694,0.0317148,0.389399,1447.13,-0.076951,0.00992461,1.69537e-07,3.41661e-09,0.0018244,9.16719e-08,0.115201,1.18253e-07,6.75424e-09,2.50997e-15,3.43689e-13,4.6278e-09,5.11184e-11,3.16286e-05,0.0495673,0.10088,0.0509705,2.57055e-09,9.675e-06,5.6606e-10,2.22347e-10,1.68259e-06,6.29256e-10,0.0141145,1.95661e-07,0.00218644,9.30189e-08,0.000141458,5.90825e-08,0.000144445,1.64352e-06,5.45525e-13,7.75479e-12,7.50448e-10,1.14582e-05,3.80532e-12,5.93398e-07,4.07828e-10,2.15974e-09,7.15837e-12,1.67933e-12,1.64504e-05,1.31969e-12,1.35651e-14,1.13227e-08,7.33644e-10,3.69828e-07,3.96969e-12,0.654956,1.45553e-05,1.94242e-10,1.05702e-07,1.96811e-09,2.30931e-07,0.934524
0.0755102,0.0302354,0.40457,1453.48,-0.076951,0.0101232,1.60934e-07,2.06575e-09,0.00118327,8.57219e-08,0.115353,7.16514e-08,3.99742e-09,2.21191e-15,2.35177e-13,3.27395e-09,3.76011e-11,2.78508e-05,0.0467893,0.100815,0.0523794,1.73681e-09,5.88646e-06,3.81398e-10,1.21733e-10,1.14799e-06,6.36315e-10,0.014804,1.65291e-07,0.00181495,6.51464e-08,0.00010163,3.64224e-08,9.10232e-05,1.73026e-06,8.44006e-13,9.17265e-12,8.2359e-10,1.34872e-05,3.65028e-12,8.67928e-07,3.78877e-10,1.39764e-09,8.62961e-12,1.93599e-12,1.97502e-05,1.44699e-12,8.96168e-15,1.08428e-08,8.80911e-10,4.13685e-07,3.53415e-12,0.65646,1.43596e-05,1.36154e-10,5.93246e-08,1.06088e-09,1.36382e-07,0.921957
0.077551,0.0286891,0.419541,1460.62,-0.076951,0.0102897,1.59482e-07,1.31333e-09,0.000765876,8.47337e-08,0.115403,4.47326e-08,2.43231e-09,2.11535e-15,1.75756e-13,2.42586e-09,2.94243e-11,2.55268e-05,0.0439058,0.100669,0.0537404,1.31163e-09,3.67416e-06,2.77472e-10,7.13765e-11,8.18209e-07,6.69238e-10,0.0153005,1.46865e-07,0.00153433,4.94042e-08,7.64671e-05,2.3539e-08,5.86549e-05,1.82129e-06,1.27334e-12,1.14895e-11,9.43027e-10,1.57696e-05,3.66176e-12,1.22439e-06,3.35433e-10,9.25796e-10,1.09273e-11,2.32395e-12,2.3495e-05,1.63427e-12,6.41199e-15,1.01079e-08,1.06387e-09,4.66997e-07,3.43771e-12,0.658169,1.41372e-05,1.01129e-10,3.65073e-08,6.02424e-10,8.09701e-08,0.907676
0.0795918,0.0270862,0.434247,1469.02,-0.076951,0.0104282,1.65156e-07,8.67777e-10,0.000488987,8.85174e-08,0.115407,2.83155e-08,1.49619e-09,2.22336e-15,1.45792e-13,1.91144e-09,2.48995e-11,2.43215e-05,0.0408752,0.100492,0.0550729,1.09658e-09,2.34834e-06,2.19854e-10,4.42553e-11,6.11158e-07,7.36258e-10,0.0156378,1.36561e-07,0.00131303,4.02485e-08,5.98993e-05,1.59805e-08,3.89553e-05,1.92348e-06,1.86601e-12,1.50107e-11,1.12679e-09,1.83158e-05,3.8472e-12,1.67918e-06,2.80264e-10,6.55872e-10,1.43484e-11,2.9132e-12,2.77039e-05,1.89875e-12,5.04075e-15,9.24021e-09,1.29241e-09,5.31532e-07,3.64111e-12,0.660095,1.38865e-05,7.87354e-11,2.42835e-08,3.56968e-10,4.79126e-08,0.891585
0.0816327,0.0254325,0.448607,1479.02,-0.076951,0.0105391,1.78611e-07,5.88791e-10,0.000304557,9.76323e-08,0.1154,1.79052e-08,9.16603e-10,2.59646e-15,1.36486e-13,1.62949e-09,2.31388e-11,2.40268e-05,0.0376818,0.100311,0.0563836,1.00362e-09,1.55103e-06,1.91619e-10,2.88029e-11,4.82521e-07,8.49178e-10,0.0158315,1.31988e-07,0.00112937,3.4894e-08,4.84797e-05,1.14354e-08,2.6997e-05,2.04271e-06,2.67085e-12,2.02834e-11,1.40353e-09,2.11293e-05,4.23218e-12,2.25348e-06,2.19294e-10,5.32777e-10,1.94149e-11,3.81695e-12,3.23872e-05,2.26412e-12,4.42085e-15,8.3792e-09,1.58032e-09,6.09657e-07,4.18417e-12,0.662245,1.36067e-05,6.34941e-11,1.71607e-08,2.19687e-10,2.81392e-08,0.873617
0.0836735,0.0237316,0.462522,1490.92,-0.076951,0.01062,2.01405e-07,4.05229e-10,0.000182937,1.13549e-07,0.115408,1.11444e-08,5.51237e-10,3.41622e-15,1.46741e-13,1.53084e-09,2.39018e-11,2.45268e-05,0.0343287,0.100146,0.0576701,9.93564e-10,1.08408e-06,1.85056e-10,1.97059e-11,4.06214e-07,1.02708e-09,0.0158843,1.3162e-07,0.000968856,3.18776e-08,4.01774e-05,8.70739e-09,1.98604e-05,2.18452e-06,3.76675e-12,2.82414e-11,1.8194e-09,2.42044e-05,4.86856e-12,2.97568e-06,1.59445e-10,5.25923e-10,2.70086e-11,5.22631e-12,3.75426e-05,2.76304e-12,4.3962e-15,7.67562e-09,1.94686e-09,7.04446e-07,5.19423e-12,0.664624,1.32971e-05,5.23737e-11,1.26632e-08,1.41105e-10,1.64769e-08,0.853742
0.0857143,0.0219859,0.475881,1505.03,-0.076951,0.0106664,2.3635e-07,2.79442e-10,0.000104642,1.39072e-07,0.115451,6.72096e-09,3.20663e-10,5.14344e-15,1.83725e-13,1.60765e-09,2.75832e-11,2.57733e-05,0.030835,0.10001,0.0589241,1.05141e-09,8.30666e-07,1.9812e-10,1.44127e-11,3.65793e-07,1.30166e-09,0.0157891,1.3441e-07,0.000822477,3.04009e-08,3.37599e-05,7.193e-09,1.57822e-05,2.35445e-06,5.28724e-12,4.04924e-11,2.45002e-09,2.75247e-05,5.84713e-12,3.88542e-06,1.06786e-10,6.24207e-10,3.86383e-11,7.47421e-12,4.31533e-05,3.44054e-12,5.02062e-15,7.29605e-09,2.41925e-09,8.1987e-07,6.93119e-12,0.66723,1.2958e-05,4.36299e-11,9.60013e-09,9.65229e-11,9.80493e-09,0.831968
0.0877551,0.0201969,0.488554,1521.68,-0.076951,0.0106717,2.88087e-07,1.90979e-10,5.61698e-05,1.79189e-07,0.115549,3.85891e-09,1.77587e-10,8.95267e-15,2.6882e-13,1.89369e-09,3.54166e-11,2.77659e-05,0.0272344,0.0999101,0.0601328,1.17658e-09,7.18603e-07,2.33351e-10,1.17064e-11,3.50349e-07,1.72591e-09,0.0155309,1.39526e-07,0.000685472,3.0012e-08,2.84639e-05,6.62973e-09,1.36681e-05,2.55805e-06,7.46895e-12,5.98887e-11,3.42135e-09,3.10592e-05,7.31911e-12,5.04048e-06,6.52142e-11,8.34828e-10,5.69663e-11,1.11577e-11,4.9184e-05,4.35872e-12,6.60109e-15,7.43239e-09,3.03636e-09,9.61088e-07,9.89032e-12,0.670057,1.25901e-05,3.62467e-11,7.36672e-09,7.28928e-11,6.14919e-09,0.808349
0.0897959,0.018366,0.500402,1541.2,-0.076951,0.0106276,3.64073e-07,1.28887e-10,2.77941e-05,2.42717e-07,0.115718,2.06642e-09,9.19852e-11,1.80083e-14,4.55212e-13,2.47841e-09,5.00301e-11,3.05334e-05,0.0235756,0.0998496,0.0612817,1.38002e-09,7.0265e-07,2.98486e-10,1.11005e-11,3.52348e-07,2.38929e-09,0.0150883,1.46155e-07,0.000556452,3.04396e-08,2.38189e-05,6.9878e-09,1.28144e-05,2.80056e-06,1.07542e-11,9.16866e-11,4.94699e-09,3.47583e-05,9.53349e-12,6.52866e-06,3.59343e-11,1.18678e-09,8.68752e-11,1.73786e-11,5.55764e-05,5.60309e-12,9.88572e-15,8.32082e-09,3.85456e-09,1.13485e-06,1.50185e-11,0.673092,1.21951e-05,2.96603e-11,5.64354e-09,6.2888e-11,4.23097e-09,0.782985
0.0918367,0.0164936,0.511272,1563.96,-0.076951,0.0105243,4.76217e-07,8.82543e-11,1.24008e-05,3.45502e-07,0.115977,1.00665e-09,4.37001e-11,4.14651e-14,8.75705e-13,3.54185e-09,7.66656e-11,3.41087e-05,0.0199212,0.0998217,0.0623581,1.68532e-09,7.55476e-07,4.0887e-10,1.26098e-11,3.66354e-07,3.44364e-09,0.0144351,1.53339e-07,0.000436508,3.14906e-08,1.95521e-05,8.4487e-09,1.27493e-05,3.08585e-06,1.60255e-11,1.4599e-10,7.39553e-09,3.85461e-05,1.29022e-11,8.48882e-06,1.77973e-11,1.74172e-09,1.37713e-10,2.8231e-11,6.22425e-05,7.29081e-12,1.65383e-14,1.02814e-08,4.95673e-09,1.35004e-06,2.41724e-11,0.67632,1.17751e-05,2.36153e-11,4.25804e-09,6.212e-11,3.23228e-09,0.756019
0.0938776,0.0145804,0.521007,1590.38,-0.076951,0.0103498,6.43622e-07,6.96889e-11,4.85316e-06,5.16806e-07,0.11634,4.32715e-10,1.87392e-11,1.07845e-13,1.87527e-12,5.42576e-09,1.25726e-10,3.84895e-05,0.0163476,0.0998053,0.0633567,2.1335e-09,8.62518e-07,5.92463e-10,1.67362e-11,3.88101e-07,5.14682e-09,0.0135419,1.59826e-07,0.00032819,3.29675e-08,1.55396e-05,1.1453e-08,1.31396e-05,3.41419e-06,2.51791e-11,2.43051e-10,1.14126e-08,4.2308e-05,1.81145e-11,1.1149e-05,8.2538e-12,2.61823e-09,2.28182e-10,4.78094e-11,6.9053e-05,9.5813e-12,3.02629e-14,1.37991e-08,6.46627e-09,1.61827e-06,4.1114e-11,0.679717,1.1333e-05,1.80748e-11,3.11752e-09,6.77813e-11,2.6586e-09,0.727636
0.0959184,0.0126263,0.529451,1620.92,-0.076951,0.0100907,8.97074e-07,8.32589e-11,1.61416e-06,8.1233e-07,0.116824,1.58507e-10,7.45258e-12,3.12547e-13,4.38977e-12,8.76792e-09,2.17981e-10,4.35719e-05,0.0129432,0.099755,0.0642882,2.79232e-09,1.01825e-06,8.98935e-10,2.46357e-11,4.13655e-07,7.92967e-09,0.0123803,1.63933e-07,0.000234386,3.45779e-08,1.1778e-05,1.68224e-08,1.37288e-05,3.77781e-06,4.26256e-11,4.25003e-10,1.81383e-08,4.58667e-05,2.63366e-11,1.48963e-05,4.53178e-12,4.04203e-09,3.97268e-10,8.43336e-11,7.58149e-05,1.26887e-11,5.94493e-14,1.96783e-08,8.56847e-09,1.95426e-06,7.37264e-11,0.683257,1.08723e-05,1.31396e-11,2.17536e-09,7.79024e-11,2.24104e-09,0.698054
0.0979592,0.0106311,0.536452,1656.08,-0.076951,0.00973195,1.28612e-06,1.65155e-10,4.56076e-07,1.34141e-06,0.117442,4.93348e-11,3.63068e-12,9.94961e-13,1.1049e-11,1.47366e-08,3.94777e-10,4.90413e-05,0.00980401,0.0995841,0.0651932,3.77142e-09,1.22237e-06,1.41471e-09,3.84802e-11,4.38555e-07,1.24778e-08,0.01093,1.63454e-07,0.000157305,3.5829e-08,8.35725e-06,2.59648e-08,1.42892e-05,4.15288e-06,7.94283e-11,7.81564e-10,2.9571e-08,4.89404e-05,3.95545e-11,2.04083e-05,4.69371e-12,6.44338e-09,7.28676e-10,1.54635e-10,8.223e-05,1.68932e-11,1.23296e-13,2.93181e-08,1.154e-08,2.37494e-06,1.39004e-10,0.686912,1.03966e-05,8.96431e-12,1.41303e-09,9.07746e-11,1.85724e-09,0.667513
0.0989796,0.0096176,0.539359,1675.58,-0.076951,0.00950882,1.55486e-06,2.62131e-10,2.09259e-07,1.75622e-06,0.117808,2.38238e-11,3.21641e-12,1.83162e-12,1.79331e-11,1.93168e-08,5.38263e-10,5.17697e-05,0.00836857,0.0993947,0.06567,4.4328e-09,1.3437e-06,1.79492e-09,4.8751e-11,4.49268e-07,1.57155e-08,0.010095,1.60689e-07,0.000125376,3.61373e-08,6.82754e-06,3.26104e-08,1.44801e-05,4.33063e-06,1.13305e-10,1.08106e-09,3.80243e-08,5.0123e-05,4.90245e-11,2.42889e-05,6.05004e-12,8.31314e-09,1.00871e-09,2.12181e-10,8.51268e-05,1.95141e-11,1.80398e-13,3.64536e-08,1.34732e-08,2.62253e-06,1.94333e-10,0.688774,1.01544e-05,7.21009e-12,1.09991e-09,9.75752e-11,1.66311e-09,0.65196
0.1,0.00859353,0.54185,1696.44,-0.076951,0.0092544,1.89013e-06,4.36948e-10,8.89709e-08,2.327e-06,0.118215,1.0821e-11,3.65515e-12,3.42853e-12,2.94386e-11,2.54268e-08,7.3793e-10,5.43203e-05,0.00703512,0.0991066,0.0661811,5.24599e-09,1.47728e-06,2.28867e-09,6.2091e-11,4.57578e-07,1.97763e-08,0.00919015,1.55766e-07,9.78357e-05,3.60573e-08,5.43836e-06,4.1113e-08,1.45671e-05,4.4883e-06,1.66038e-10,1.50919e-09,4.90426e-08,5.0982e-05,6.11632e-11,2.91618e-05,8.53613e-12,1.0803e-08,1.41121e-09,2.9339e-10,8.77199e-05,2.25436e-11,2.65777e-13,4.5637e-08,1.57868e-08,2.89601e-06,2.74519e-10,0.690653,9.90978e-06,5.68555e-12,8.30806e-10,1.04163e-10,1.46744e-09,0.636257
0.10102,0.00755874,0.543911,1718.7,-0.076951,0.00896665,2.30828e-06,7.54008e-10,3.54037e-08,3.1191e-06,0.118667,4.92513e-12,4.91378e-12,6.50207e-12,4.87093e-11,3.3516e-08,1.01434e-09,5.65225e-05,0.00581345,0.0986821,0.0667504,6.24544e-09,1.62172e-06,2.92609e-09,7.92801e-11,4.62382e-07,2.47791e-08,0.00822233,1.48357e-07,7.454e-05,3.54474e-08,4.20653e-06,5.18716e-08,1.45073e-05,4.6114e-06,2.49591e-10,2.12105e-09,6.33081e-08,5.14092e-05,7.67415e-11,3.53484e-05,1.26561e-11,1.41344e-08,1.99114e-09,4.08198e-10,8.98843e-05,2.6026e-11,3.93011e-13,5.74676e-08,1.85538e-08,3.19453e-06,3.91225e-10,0.692547,9.66336e-06,4.38903e-12,6.05346e-10,1.10017e-10,1.2718e-09,0.620436
0.102041,0.00651306,0.54553,1742.41,-0.076951,0.00864354,2.82859e-06,1.33735e-09,1.43979e-08,4.22669e-06,0.119166,2.86179e-12,7.16008e-12,1.2433e-11,8.08816e-11,4.40848e-08,1.39297e-09,5.81584e-05,0.00471134,0.0980731,0.0674086,7.46895e-09,1.77418e-06,3.74002e-09,1.0117e-10,4.6243e-07,3.0775e-08,0.00720286,1.38209e-07,5.52576e-05,3.41577e-08,3.14425e-06,6.52718e-08,1.42544e-05,4.68151e-06,3.8349e-10,2.98974e-09,8.1546e-08,5.12699e-05,9.67175e-11,4.3276e-05,1.93679e-11,1.85815e-08,2.82405e-09,5.70213e-10,9.14518e-05,2.99904e-11,5.80935e-13,7.2655e-08,2.18488e-08,3.51395e-06,5.61181e-10,0.694451,9.41558e-06,3.31046e-12,4.22379e-10,1.14472e-10,1.07914e-09,0.604527
0.103061,0.00545636,0.546699,1767.6,-0.076951,0.00828308,3.47268e-06,2.42827e-09,8.38858e-09,5.78536e-06,0.119719,2.95641e-12,1.08096e-11,2.38211e-11,1.34031e-10,5.76025e-08,1.90229e-09,5.89605e-05,0.00373393,0.0972191,0.0681942,8.95258e-09,1.92943e-06,4.76033e-09,1.28543e-10,4.56317e-07,3.76658e-08,0.00614871,1.25209e-07,3.96796e-05,3.20481e-08,2.25731e-06,8.15764e-08,1.37595e-05,4.67637e-06,5.98742e-10,4.20453e-09,1.04377e-07,5.04026e-05,1.22245e-10,5.35025e-05,3.03938e-11,2.44529e-08,4.00775e-09,7.97273e-10,9.21965e-05,3.44256e-11,8.53953e-13,9.1958e-08,2.57381e-08,3.8449e-06,8.07554e-10,0.696361,9.16689e-06,2.43187e-12,2.7962e-10,1.16705e-10,8.93284e-10,0.58856
0.104082,0.00438856,0.547408,1794.27,-0.076951,0.00788325,4.26303e-06,4.49915e-09,9.82376e-09,7.9896e-06,0.120334,4.72252e-12,1.66198e-11,4.53547e-11,2.20048e-10,7.43248e-08,2.56776e-09,5.86139e-05,0.00288321,0.0960452,0.0691542,1.07191e-08,2.07851e-06,6.00167e-09,1.61803e-10,4.425e-07,4.50881e-08,0.00508347,1.09477e-07,2.74344e-05,2.90163e-08,1.544e-06,1.00724e-07,1.29757e-05,4.57113e-06,9.42068e-10,5.85861e-09,1.32023e-07,4.86266e-05,1.54643e-10,6.6736e-05,4.87869e-11,3.20281e-08,5.65643e-09,1.11097e-09,9.18186e-05,3.9229e-11,1.23987e-12,1.16e-07,3.02555e-08,4.17002e-06,1.16054e-09,0.698276,8.91773e-06,1.72948e-12,1.73481e-10,1.15773e-10,7.18477e-10,0.572563
0.105102,0.00330976,0.547653,1822.44,-0.076951,0.00744207,5.21965e-06,8.47512e-09,1.71639e-08,1.11164e-05,0.121021,8.68941e-12,2.58568e-11,8.48774e-11,3.54476e-10,9.39502e-08,3.39815e-09,5.67683e-05,0.00215778,0.0944607,0.0703454,1.2755e-08,2.20684e-06,7.44028e-09,2.00392e-10,4.19337e-07,5.22767e-08,0.0040378,9.14549e-08,1.81078e-05,2.50382e-08,9.94936e-07,1.21989e-07,1.18664e-05,4.34145e-06,1.47767e-09,8.01668e-09,1.63803e-07,4.57628e-05,1.95296e-10,8.38344e-05,7.99522e-11,4.14147e-08,7.87883e-09,1.53355e-09,8.99313e-05,4.4112e-11,1.76202e-12,1.44857e-07,3.53602e-08,4.4607e-06,1.65539e-09,0.700191,8.66848e-06,1.17711e-12,9.91501e-11,1.10728e-10,5.58901e-10,0.556559
0.106122,0.00222022,0.54743,1852.07,-0.076951,0.00695755,6.35452e-06,1.6156e-08,3.34392e-08,1.5557e-05,0.121791,1.66085e-11,4.05681e-11,1.53836e-10,5.53022e-10,1.15067e-07,4.35992e-09,5.30711e-05,0.0015531,0.092359,0.0718353,1.49699e-08,2.29181e-06,8.9758e-09,2.41812e-10,3.85208e-07,5.79721e-08,0.00304886,7.19991e-08,1.12655e-05,2.02256e-08,5.94095e-07,1.43494e-07,1.04186e-05,3.96901e-06,2.27959e-09,1.0653e-08,1.9743e-07,4.16749e-05,2.45439e-10,0.000105763,1.33469e-10,5.22961e-08,1.07308e-08,2.07951e-09,8.6066e-05,4.84514e-11,2.42077e-12,1.77289e-07,4.08655e-08,4.67383e-06,2.32448e-09,0.702104,8.4195e-06,7.50785e-13,5.09108e-11,1.00848e-10,4.18028e-10,0.540574
0.107143,0.00112051,0.546738,1883.14,-0.076951,0.00642806,7.66332e-06,3.09921e-08,6.76624e-08,2.1858e-05,0.122654,3.22579e-11,6.40153e-11,2.64681e-10,8.20736e-10,1.34445e-07,5.33867e-09,4.72433e-05,0.00106232,0.0896201,0.0737039,1.71371e-08,2.30062e-06,1.03805e-08,2.80276e-10,3.38828e-07,6.04985e-08,0.00215781,5.2414e-08,6.4777e-06,1.48926e-08,3.20548e-07,1.61666e-07,8.66163e-06,3.44974e-06,3.40271e-09,1.35607e-08,2.28299e-07,3.63324e-05,3.05798e-10,0.000133479,2.26283e-10,6.35917e-08,1.4138e-08,2.73837e-09,7.97188e-05,5.11328e-11,3.1603e-12,2.09569e-07,4.63305e-08,4.75028e-06,3.17811e-09,0.704012,8.17111e-06,4.3277e-13,2.26135e-11,8.60089e-11,2.97915e-10,0.524626
0.108163,1.15091e-05,0.545579,1915.62,-0.076951,0.005853,9.11782e-06,5.94819e-08,1.40859e-07,3.07857e-05,0.123613,6.33328e-11,1.01404e-10,4.20952e-10,1.13081e-09,1.466e-07,6.10192e-09,3.92363e-05,0.000677497,0.0861186,0.0760446,1.8836e-08,2.19161e-06,1.12632e-08,3.0564e-10,2.80039e-07,5.8191e-08,0.00140446,3.43721e-08,3.33802e-06,9.60275e-09,1.50318e-07,1.71124e-07,6.69035e-06,2.80346e-06,4.8217e-09,1.62699e-08,2.49249e-07,2.98834e-05,3.76178e-10,0.000167703,3.88222e-10,7.31901e-08,1.78101e-08,3.44786e-09,7.04818e-05,5.05738e-11,3.82878e-12,2.34288e-07,5.09266e-08,4.61819e-06,4.16932e-09,0.705912,7.92357e-06,2.12564e-13,8.19973e-12,6.71667e-11,1.98845e-10,0.508733
0.109184,-0.00110558,0.543954,1949.49,-0.076951,0.00523433,1.06793e-05,1.14073e-07,3.04285e-07,4.35009e-05,0.124651,1.26158e-10,1.61744e-10,6.00408e-10,1.40409e-09,1.44863e-07,6.32039e-09,2.94958e-05,0.000390477,0.0817399,0.0789649,1.95004e-08,1.92661e-06,1.11374e-08,3.04932e-10,2.11382e-07,5.02838e-08,0.000818785,1.96196e-08,1.46933e-06,5.1088e-09,5.77395e-08,1.66145e-07,4.68126e-06,2.08066e-06,6.36396e-09,1.8085e-08,2.51839e-07,2.27058e-05,4.55859e-10,0.000208576,6.71424e-10,7.81549e-08,2.12244e-08,4.07144e-09,5.82943e-05,4.53414e-11,4.18152e-12,2.40571e-07,5.33327e-08,4.20681e-06,5.15173e-09,0.707804,7.67711e-06,8.13499e-14,2.22353e-12,4.67401e-11,1.2016e-10,0.492908
0.110204,-0.00222934,0.541871,1984.67,-0.076951,0.00457875,1.24261e-05,2.23657e-07,7.0619e-07,6.24447e-05,0.12572,2.63333e-10,2.6674e-10,7.59468e-10,1.53865e-09,1.25672e-07,5.74928e-09,1.92117e-05,0.000192362,0.0764057,0.0825802,1.87976e-08,1.50233e-06,9.73154e-09,2.70413e-10,1.39933e-07,3.7956e-08,0.000410505,9.37726e-09,5.13105e-07,2.05736e-09,1.66247e-08,1.4494e-07,2.8769e-06,1.35837e-06,7.78541e-09,1.84458e-08,2.30378e-07,1.53932e-05,5.49104e-10,0.000255222,1.16823e-09,7.59307e-08,2.38576e-08,4.43341e-09,4.37862e-05,3.55988e-11,4.03339e-12,2.18067e-07,5.18091e-08,3.47763e-06,5.89365e-09,0.709684,7.43191e-06,2.13407e-14,3.95832e-13,2.83623e-11,6.21077e-11,0.477166
0.111224,-0.00335803,0.539337,2020.91,-0.076951,0.00389906,1.49766e-05,4.90652e-07,1.89316e-06,9.52718e-05,0.126732,6.38606e-10,4.97643e-10,8.96633e-10,1.5077e-09,9.29744e-08,4.46829e-09,1.00894e-05,7.22995e-05,0.0700919,0.0870088,1.72235e-08,9.78718e-07,7.31731e-09,2.08548e-10,7.62136e-08,2.42652e-08,0.000163996,3.60946e-09,1.25879e-07,5.43519e-10,3.08586e-09,1.12937e-07,1.49359e-06,7.25051e-07,9.12681e-09,1.74665e-08,1.86374e-07,8.69744e-06,6.85284e-10,0.000305435,2.05709e-09,6.60405e-08,2.56446e-08,4.44658e-09,2.8511e-05,2.38937e-11,3.48095e-12,1.64151e-07,4.46785e-08,2.47164e-06,6.22439e-09,0.711552,7.18815e-06,3.11902e-15,3.70463e-14,1.50579e-11,2.52311e-11,0.461515
0.112245,-0.00448931,0.536362,2057.6,-0.076951,0.00321388,1.96879e-05,1.3477e-06,6.17101e-06,0.000163236,0.127552,2.02914e-09,1.16511e-09,9.50946e-10,1.22583e-09,5.17127e-08,2.61979e-09,3.55803e-06,1.64644e-05,0.0628195,0.0923702,1.53517e-08,4.55116e-07,4.17097e-09,1.23933e-10,2.87879e-08,1.18401e-08,4.45269e-05,1.01057e-09,1.74378e-08,6.52359e-11,2.54525e-10,7.24451e-08,5.85389e-07,2.70684e-07,1.03412e-08,1.50992e-08,1.23256e-07,3.58761e-06,9.32493e-10,0.000355533,3.71764e-09,4.96706e-08,2.64232e-08,4.00701e-09,1.48659e-05,1.29128e-11,2.49354e-12,8.87095e-08,3.16651e-08,1.37278e-06,5.92651e-09,0.713406,6.94601e-06,1.49249e-16,1.05109e-15,6.59278e-12,6.54115e-12,0.445969
0.113265,-0.00562036,0.532954,2094.05,-0.076951,0.00254952,2.65972e-05,4.16046e-06,2.26505e-05,0.000296912,0.128011,7.52761e-09,3.04643e-09,5.54537e-10,5.51047e-10,1.52583e-08,8.15872e-10,6.18945e-07,1.76805e-06,0.0546696,0.0987529,1.31547e-08,1.12291e-07,1.25639e-09,3.94595e-11,5.52769e-09,3.29902e-09,6.50193e-06,1.60202e-10,1.2042e-09,1.93614e-12,5.19054e-12,2.74765e-08,1.31359e-07,5.61049e-08,1.00149e-08,1.06171e-08,5.61505e-08,9.57703e-07,1.3028e-09,0.000401306,6.86829e-09,3.23631e-08,2.53814e-08,2.72266e-09,5.52584e-06,4.90878e-12,9.91023e-13,2.6545e-08,1.64975e-08,5.47883e-07,4.49766e-09,0.715242,6.70572e-06,1.03106e-18,4.16639e-18,1.7089e-12,7.8353e-13,0.430541
0.114286,-0.00674813,0.529125,2129.52,-0.076951,0.00193551,3.34416e-05,1.20097e-05,8.28434e-05,0.000521108,0.127959,2.62619e-08,7.39479e-09,1.13391e-10,9.90205e-11,1.90287e-09,1.07299e-10,4.60729e-08,8.4955e-08,0.0458349,0.106109,1.14768e-08,1.2744e-08,1.58249e-10,5.30451e-12,4.63247e-10,4.05751e-10,4.34239e-07,1.13649e-11,4.54409e-11,1.19554e-14,2.17533e-14,4.60076e-09,1.35132e-08,5.51262e-09,8.6481e-09,6.31583e-09,1.77128e-08,1.80611e-07,1.69171e-09,0.000442453,1.28469e-08,2.5219e-08,2.38128e-08,1.12822e-09,1.30821e-06,1.19616e-12,1.58798e-13,3.80868e-09,5.69093e-09,1.60958e-07,2.43295e-09,0.717061,6.46754e-06,1.28685e-21,3.38005e-21,1.91232e-13,4.40976e-14,0.415248
0.115306,-0.00786618,0.524883,2162.36,-0.076951,0.00139233,3.82961e-05,3.16769e-05,0.000294035,0.000869368,0.12727,8.25414e-08,1.6261e-08,7.42442e-12,6.87914e-12,9.8831e-11,5.87062e-12,1.47566e-09,1.87168e-09,0.0365518,0.114204,9.62102e-09,8.81933e-10,8.25759e-12,2.9925e-13,1.70106e-11,2.04609e-11,1.25239e-08,3.27811e-13,8.33095e-13,3.80473e-17,2.48746e-17,3.19711e-10,6.07315e-10,2.44331e-10,7.61752e-09,3.70259e-09,4.68586e-09,2.94554e-08,1.99598e-09,0.000482191,2.4581e-08,3.19904e-08,2.24901e-08,2.53851e-10,1.79254e-07,1.66128e-13,9.97557e-15,2.65862e-10,1.18943e-09,3.39342e-08,8.48759e-10,0.718859,6.23175e-06,7.33841e-25,1.6005e-24,8.66453e-15,1.18235e-15,0.400109
0.116327,-0.00896057,0.520235,2189.17,-0.076951,0.000937761,3.86115e-05,7.274e-05,0.000968663,0.00134106,0.125821,2.21789e-07,3.13764e-08,1.50018e-13,1.87112e-13,2.21181e-12,1.37231e-13,2.16692e-11,2.07128e-11,0.0272325,0.122423,6.85691e-09,1.59568e-10,1.86033e-13,7.39103e-15,2.91335e-13,4.36513e-13,1.66037e-10,3.96622e-15,7.31782e-15,2.11688e-19,2.02899e-20,9.5321e-12,1.27205e-11,5.24512e-12,6.88316e-09,2.24012e-09,1.40278e-09,5.75775e-09,2.06457e-09,0.000521592,4.7643e-08,5.50877e-08,2.07019e-08,2.92554e-11,1.38741e-08,1.20001e-14,2.51316e-16,1.03258e-11,1.48125e-10,5.24615e-09,1.86218e-10,0.720637,5.9985e-06,2.71721e-28,6.13531e-28,1.65985e-16,1.49723e-17,0.385133
0.117347,-0.0100071,0.51518,2204.67,-0.076951,0.000587976,3.26594e-05,0.000132647,0.00272316,0.00181865,0.123541,4.72644e-07,5.07675e-08,1.06395e-15,2.17541e-15,2.39137e-14,1.51332e-15,1.71544e-13,1.39154e-13,0.0186463,0.129555,3.86526e-09,6.31815e-11,2.44656e-15,9.60049e-17,2.75702e-15,4.52104e-15,1.22828e-12,2.36918e-17,3.72033e-17,8.68976e-22,3.58257e-23,1.37687e-13,1.47201e-13,6.6343e-14,6.10927e-09,1.35418e-09,5.59992e-10,1.67868e-09,1.77891e-09,0.000557395,8.93844e-08,9.78704e-08,1.78682e-08,1.90424e-12,6.96859e-10,4.90893e-16,2.81239e-18,2.92209e-13,1.30061e-11,8.8326e-10,3.76668e-11,0.722399,5.76763e-06,9.30996e-32,2.12763e-31,1.54939e-18,1.05664e-19,0.370311
0.118367,-0.0109757,0.509712,2203.43,-0.076951,0.000345596,2.29617e-05,0.000184808,0.00624035,0.00211767,0.120474,7.90888e-07,6.90954e-08,1.6645e-17,1.64768e-17,1.61258e-16,1.00419e-17,9.63797e-16,7.26217e-16,0.0116811,0.134194,1.71494e-09,2.32706e-11,1.36742e-16,2.59291e-18,2.60503e-17,2.84612e-17,6.5432e-15,9.052e-20,1.40571e-19,2.43909e-24,8.18774e-26,1.17433e-15,1.17382e-15,6.3469e-16,4.95507e-09,7.86726e-10,2.55633e-10,6.38823e-10,1.26139e-09,0.000583145,1.54226e-07,1.56931e-07,1.42235e-08,1.11245e-13,3.43838e-11,1.71999e-17,2.15601e-20,8.48148e-15,1.38249e-12,2.61596e-10,1.26389e-11,0.72415,5.53872e-06,3.12655e-35,7.35014e-35,8.88191e-21,5.2614e-22,0.355614
0.119388,-0.0118446,0.503813,2183.34,-0.076951,0.000194072,1.38997e-05,0.000202784,0.0117751,0.00214628,0.116764,1.08246e-06,8.17661e-08,3.13602e-18,6.95244e-19,2.08416e-18,1.24701e-19,1.1325e-17,6.15358e-18,0.00678608,0.13562,6.30895e-10,7.62608e-12,2.64915e-17,4.14171e-19,1.77912e-18,1.39533e-19,3.18727e-17,2.90455e-22,4.91031e-22,5.87101e-27,1.8771e-28,7.32024e-18,7.92264e-18,5.80968e-18,3.43853e-09,4.2697e-10,1.18527e-10,2.76437e-10,7.61447e-10,0.000593676,2.38458e-07,2.17833e-07,1.0538e-08,1.35923e-14,3.61777e-12,1.16624e-18,9.79888e-22,3.52411e-16,3.3779e-13,1.10954e-10,5.71821e-12,0.725897,5.31124e-06,1.00187e-38,2.7524e-38,4.01035e-23,2.27193e-24,0.341008
0.120408,-0.0126103,0.497468,2146.78,-0.076951,0.000106414,7.61854e-06,0.000186088,0.0190017,0.00195445,0.112599,1.27178e-06,8.69345e-08,5.5781e-19,9.02843e-20,1.65968e-19,9.79223e-21,9.28809e-19,3.7763e-19,0.00374604,0.134159,2.06427e-10,2.32221e-12,4.99086e-18,7.57304e-20,3.07206e-19,6.65965e-22,1.72033e-19,9.85017e-25,1.86807e-24,1.47594e-29,4.81029e-31,4.21916e-20,5.53297e-20,6.20305e-20,2.0084e-09,2.13154e-10,5.37118e-11,1.26967e-10,4.1188e-10,0.000589115,3.32569e-07,2.64094e-07,7.44311e-09,2.90581e-15,7.88864e-13,1.55808e-19,1.44763e-22,2.84604e-17,1.30165e-13,5.13962e-11,2.6035e-12,0.727643,5.08478e-06,5.49824e-42,1.18484e-41,1.81984e-25,9.93282e-27,0.326468
0.121429,-0.013282,0.490664,2098.31,-0.076951,5.77456e-05,3.92927e-06,0.000150906,0.0273442,0.0016489,0.108141,1.33431e-06,8.51929e-08,7.85719e-20,1.05424e-20,1.7062e-20,9.88977e-22,1.08146e-19,4.48739e-20,0.00200543,0.130679,6.3223e-11,6.78749e-13,8.90954e-19,1.30845e-20,5.50927e-20,3.74337e-24,1.20466e-21,4.23778e-27,8.77634e-27,4.50713e-32,1.54604e-33,4.68448e-22,6.52703e-22,9.13346e-22,1.00756e-09,9.80325e-11,2.34935e-11,5.95427e-11,2.07863e-10,0.000573622,4.29448e-07,2.88812e-07,5.12524e-09,6.56669e-16,2.07178e-13,2.45519e-20,2.00729e-23,4.8476e-18,5.34201e-14,2.41236e-11,1.13016e-12,0.729389,4.85913e-06,5.73786e-43,1.57396e-44,1.36128e-27,5.26497e-29,0.31198
0.122449,-0.013871,0.483395,2041.97,-0.076951,3.10637e-05,1.94035e-06,0.000112072,0.0363106,0.00131551,0.103503,1.28565e-06,7.84214e-08,9.12529e-21,1.07092e-21,1.60936e-21,9.14584e-23,1.22189e-20,5.48549e-21,0.00105045,0.125986,1.8487e-11,1.92204e-13,1.52903e-19,2.15957e-21,9.79928e-21,2.96926e-26,1.28203e-23,2.73093e-29,5.7545e-29,1.89585e-34,1.17938e-35,2.42833e-23,2.79889e-23,2.14431e-23,4.45213e-10,4.18305e-11,9.86376e-12,2.78858e-11,9.9757e-11,0.000551835,5.28075e-07,2.94348e-07,3.48091e-09,1.41566e-16,5.5988e-14,3.93619e-21,2.50881e-24,1.31789e-18,2.16633e-14,1.12724e-11,4.67337e-13,0.731131,4.63426e-06,6.84516e-44,1.76858e-45,3.59308e-29,5.54555e-31,0.297542
0.123469,-0.0143857,0.475662,1980.5,-0.076951,1.64719e-05,9.19586e-07,7.76513e-05,0.0455841,0.00100325,0.0987571,1.1586e-06,6.87263e-08,8.88831e-22,9.4904e-23,1.37834e-22,7.65147e-24,1.30318e-21,6.53896e-22,0.000538423,0.120621,5.15267e-12,5.23855e-14,2.49229e-20,3.37209e-22,1.69551e-21,4.02539e-28,2.48209e-25,3.14988e-31,6.21768e-31,1.16038e-36,1.97734e-36,2.00612e-24,2.3358e-24,9.01488e-25,1.76202e-10,1.66126e-11,3.95466e-12,1.28666e-11,4.56771e-11,0.000527021,6.31524e-07,2.86082e-07,2.3374e-09,2.87302e-17,1.52137e-14,6.26008e-22,2.8213e-25,4.66681e-19,8.67088e-15,5.20167e-12,1.84023e-13,0.732868,4.41025e-06,7.79519e-45,2.17546e-46,1.87964e-30,1.69693e-32,0.28316
0.12449,-0.0148309,0.467472,1915.55,-0.076951,8.54647e-06,4.1679e-07,5.06409e-05,0.0549816,0.000735033,0.0939472,9.87717e-07,5.78905e-08,7.25626e-23,7.26122e-24,1.07798e-23,5.7746e-25,1.29638e-22,7.49381e-23,0.000269352,0.114903,1.35707e-12,1.35891e-14,3.78197e-21,4.89789e-23,2.793e-22,1.08559e-29,1.01353e-26,7.49903e-33,1.38143e-32,7.60221e-38,3.80398e-37,1.71976e-25,2.24215e-25,7.26715e-26,6.30518e-11,6.13428e-12,1.50601e-12,5.79551e-12,1.98917e-11,0.000500989,7.44414e-07,2.69052e-07,1.5487e-09,5.4595e-18,4.18405e-15,9.88827e-23,2.81981e-26,2.10293e-19,3.50201e-15,2.36045e-12,6.88914e-14,0.734597,4.18729e-06,6.38538e-46,1.99255e-47,1.13262e-31,8.50373e-34,0.268845
0.12551,-0.0152089,0.458835,1848.14,-0.076951,4.31039e-06,1.79807e-07,3.12153e-05,0.0643993,0.000518416,0.0891035,8.02064e-07,4.72095e-08,4.92174e-24,4.73049e-25,8.06409e-25,4.01e-26,1.21149e-23,8.32545e-24,0.000131203,0.109015,3.34661e-13,3.3189e-15,5.24012e-22,6.51438e-24,4.30259e-23,5.91761e-31,8.87074e-28,3.70591e-34,7.15285e-34,8.36569e-39,7.15921e-38,1.66636e-26,2.53578e-26,1.12574e-26,2.05184e-11,2.09997e-12,5.42646e-13,2.53452e-12,8.19956e-12,0.000474594,8.71798e-07,2.47496e-07,1.00867e-09,9.7158e-19,1.19419e-15,1.5832e-23,2.46939e-27,1.21348e-19,1.49495e-15,1.05442e-12,2.45549e-14,0.736317,3.96562e-06,6.4662e-47,2.31674e-48,7.95201e-33,5.35201e-35,0.254612
0.126531,-0.0155211,0.449767,1778.92,-0.076951,2.0911e-06,7.3077e-08,1.81636e-05,0.073777,0.000351636,0.0842494,6.22074e-07,3.74419e-08,2.69507e-25,2.53168e-26,6.75424e-26,2.79118e-27,1.10294e-24,9.02758e-25,6.13751e-05,0.103062,7.53431e-14,7.42515e-16,6.37695e-23,7.65104e-25,5.95067e-24,4.91836e-32,1.25911e-28,2.82197e-35,6.37224e-35,1.00298e-39,1.41149e-38,2.08599e-27,3.74095e-27,2.69691e-27,6.07977e-12,6.61198e-13,1.82894e-13,1.06337e-12,3.16546e-12,0.000448204,1.01886e-06,2.25586e-07,6.40691e-10,1.56534e-19,3.4173e-16,2.45955e-24,1.82894e-28,8.5124e-20,6.95737e-16,4.5615e-13,8.20056e-15,0.738024,3.7455e-06,7.22256e-48,3.0712e-49,7.13422e-34,4.16136e-36,0.24048
0.128571,-0.0159471,0.43039,1636.41,-0.076951,4.98381e-07,1.21325e-08,5.89355e-06,0.0923794,0.000152861,0.0745244,3.45988e-07,2.42483e-08,6.08765e-28,7.20034e-29,2.30051e-27,5.51699e-29,3.63866e-26,4.79108e-26,1.54929e-05,0.0911087,4.27479e-15,4.0468e-17,9.80432e-25,1.23527e-26,1.51826e-25,2.92165e-33,2.50385e-29,1.59899e-36,6.33233e-36,1.81038e-39,6.08992e-38,8.39563e-29,2.68248e-28,1.25837e-27,4.66587e-13,6.34383e-14,2.30825e-14,2.14109e-13,4.64355e-13,0.000395639,1.40605e-06,1.99174e-07,2.58384e-10,7.11308e-21,7.96855e-17,1.86135e-25,1.04269e-30,6.50912e-20,3.72733e-16,1.2503e-13,1.26545e-15,0.741412,3.30888e-06,8.87641e-48,5.66352e-49,2.18828e-35,1.30059e-37,0.212447
0.129592,-0.0160632,0.420156,1563.99,-0.076951,2.30721e-07,4.61942e-09,3.16401e-06,0.101463,9.60406e-05,0.0697446,2.47064e-07,1.98365e-08,2.18103e-29,3.40179e-30,5.57138e-28,1.10105e-29,9.49938e-27,1.35268e-26,7.51559e-06,0.0852431,9.06106e-16,8.09255e-18,9.66165e-26,1.31399e-27,2.01634e-26,8.28535e-34,1.42972e-29,4.4479e-37,2.54338e-36,2.057e-39,1.02453e-37,1.67771e-29,6.79779e-29,1.15103e-27,1.17626e-13,1.77615e-14,7.84739e-15,9.37778e-14,1.64254e-13,0.000369892,1.6672e-06,1.89967e-07,1.5688e-10,1.57431e-21,4.3306e-17,5.66429e-26,6.65027e-32,5.9284e-20,3.13756e-16,6.69643e-14,4.9259e-16,0.743068,3.09546e-06,8.62863e-48,7.00836e-49,3.66936e-36,1.93853e-38,0.198744
0.130612,-0.0161144,0.409576,1491.03,-0.076951,1.08428e-07,1.79366e-09,1.70617e-06,0.11041,5.95953e-05,0.0650208,1.77751e-07,1.71988e-08,8.08031e-31,2.05723e-31,1.41499e-28,2.37184e-30,2.978e-27,4.99915e-27,3.87223e-06,0.0794539,2.0226e-16,1.67784e-18,9.76047e-27,1.53719e-28,3.78943e-27,2.35062e-34,8.58079e-30,1.2881e-37,5.05629e-37,1.70584e-39,1.20972e-37,3.39833e-30,1.89329e-29,1.00755e-27,2.92309e-14,4.96923e-15,3.01157e-15,4.60534e-14,5.86975e-14,0.000344444,2.02431e-06,1.82212e-07,9.58745e-11,4.14908e-22,2.7886e-17,2.16667e-26,4.78786e-33,5.46008e-20,2.7982e-16,3.93189e-14,2.09731e-16,0.7447,2.88505e-06,8.57139e-48,8.7021e-49,7.55848e-37,4.52813e-39,0.185235
0.131633,-0.0161011,0.398681,1417.76,-0.076951,5.2016e-08,7.17786e-10,9.33276e-07,0.119206,3.66522e-05,0.0603672,1.3251e-07,1.61114e-08,3.93265e-32,1.66822e-32,3.63172e-29,5.12789e-31,9.6332e-28,1.97602e-27,2.14749e-06,0.073757,4.86931e-17,3.61405e-19,1.02943e-27,2.02116e-29,1.04957e-27,7.07103e-35,5.73955e-30,3.87064e-38,0,1.51517e-39,1.48465e-37,6.89264e-31,5.7416e-30,9.40054e-28,7.21783e-15,1.40811e-15,1.34871e-15,2.59527e-14,2.13906e-14,0.0003193,2.54889e-06,1.73988e-07,6.02369e-11,1.26966e-22,2.04454e-17,1.0166e-26,4.12595e-34,5.04089e-20,2.55132e-16,2.51174e-14,9.69805e-17,0.746306,2.67811e-06,8.31444e-48,8.19517e-49,1.90642e-37,1.6339e-39,0.171948
0.132653,-0.0160242,0.387503,1344.41,-0.076951,2.56348e-08,2.97611e-10,5.21289e-07,0.12783,2.2384e-05,0.0557976,1.03139e-07,1.65166e-08,2.96162e-33,1.59572e-33,9.32898e-30,1.09301e-31,3.12538e-28,8.03955e-28,1.29367e-06,0.0681671,1.27924e-17,8.15075e-20,1.14556e-28,3.05757e-30,3.91634e-28,2.13503e-35,4.05899e-30,3.03022e-39,0,7.57421e-40,9.64304e-38,1.38961e-31,2.00083e-30,8.91959e-28,1.77042e-15,4.1065e-16,7.09633e-16,1.67958e-14,7.97948e-15,0.000294497,3.27595e-06,1.64363e-07,3.93098e-11,4.30197e-23,1.64145e-17,5.68916e-27,4.14812e-35,4.64677e-20,2.34062e-16,1.72608e-14,4.79604e-17,0.74788,2.47511e-06,4.71994e-48,0,4.95366e-38,0,0.158914
0.133673,-0.015885,0.37608,1271.21,-0.076951,1.30658e-08,1.28013e-10,2.99058e-07,0.136264,1.35993e-05,0.051325,8.05632e-08,1.87688e-08,0,1.16615e-33,2.37949e-30,2.27265e-32,1.01035e-28,3.39475e-28,8.47848e-07,0.0626989,3.63193e-18,1.91051e-20,1.29159e-29,5.34563e-31,1.69411e-28,6.35474e-36,2.98724e-30,2.4722e-40,0,0,0,2.74837e-32,8.58776e-31,8.52083e-28,4.28908e-16,1.24209e-16,4.28757e-16,1.21688e-14,3.04529e-15,0.000270151,4.11585e-06,1.53385e-07,2.58779e-11,1.53649e-23,1.39521e-17,3.70074e-27,0,4.2686e-20,2.14619e-16,1.26175e-14,2.48866e-17,0.749421,2.27654e-06,0,0,4.71265e-39,0,0.146165
0.134694,-0.0156853,0.364452,1198.39,-0.076951,6.94917e-09,5.68536e-11,1.76811e-07,0.144484,8.23047e-06,0.0469626,5.96147e-08,2.40074e-08,9.80848e-35,7.37721e-34,5.94705e-31,4.54417e-33,3.25187e-29,1.52897e-28,6.00519e-07,0.0573673,1.09951e-18,4.62399e-21,1.4002e-30,1.08074e-31,7.79146e-29,1.81859e-36,2.23785e-30,0,0,0,0,5.22252e-33,4.58161e-31,8.1618e-28,1.01545e-16,3.87292e-17,2.87922e-16,9.53342e-15,1.18089e-15,0.000246452,4.87886e-06,1.41543e-07,1.63475e-11,5.55818e-24,1.22416e-17,2.73625e-27,0,3.90317e-20,1.96107e-16,9.71397e-15,1.32536e-17,0.750923,2.08294e-06,0,0,0,0,0.133735
0.135714,-0.0154278,0.352664,1126.23,-0.076951,3.90853e-09,2.55844e-11,1.07257e-07,0.152469,4.95778e-06,0.042724,4.04338e-08,3.48838e-08,0,1.22489e-36,1.41638e-31,8.51211e-34,1.04802e-29,7.61512e-29,4.53837e-07,0.0521881,3.53519e-19,1.16449e-21,1.39589e-31,2.52904e-32,3.69885e-29,4.83967e-37,1.6592e-30,0,0,0,0,9.29369e-34,2.73801e-31,7.82593e-28,2.3071e-17,1.23233e-17,2.08909e-16,7.839e-15,4.55466e-16,0.000223574,5.39889e-06,1.2935e-07,9.61468e-12,1.97544e-24,1.09025e-17,2.23862e-27,4.6107e-38,3.54968e-20,1.78301e-16,7.80506e-15,7.05328e-18,0.752382,1.89489e-06,0,0,0,0,0.121661
0.136735,-0.0151157,0.340766,1055.01,-0.076951,2.36881e-09,1.12323e-11,6.57465e-08,0.160193,2.96356e-06,0.038623,2.49184e-08,5.44844e-08,1.46934e-35,9.17244e-38,3.06498e-32,1.44015e-34,3.47921e-30,4.31573e-29,3.60299e-07,0.0471778,1.18525e-19,3.08653e-22,1.13654e-32,6.81629e-33,1.83076e-29,1.14426e-37,1.17232e-30,0,0,0,0,1.50146e-34,1.37753e-31,3.89877e-28,4.90225e-18,3.96875e-18,1.6054e-16,6.6241e-15,1.67731e-16,0.000201634,5.60943e-06,1.17191e-07,5.22644e-12,6.73836e-25,9.75498e-18,1.95065e-27,4.07556e-39,3.20842e-20,1.61146e-16,6.48393e-15,3.6426e-18,0.753793,1.71296e-06,0,0,0,0,0.109981
0.137755,-0.0147536,0.328814,985.054,-0.076951,1.57171e-09,4.6017e-12,3.98217e-08,0.16763,1.75694e-06,0.0346741,1.39494e-08,7.68641e-08,2.52258e-33,5.99197e-39,5.70585e-33,2.17592e-35,1.27901e-30,2.78973e-29,2.95872e-07,0.0423537,3.95291e-20,8.70964e-23,0,2.15452e-33,9.85286e-30,2.99621e-38,9.89769e-31,0,0,0,0,2.27176e-35,8.95161e-32,3.49941e-28,9.49214e-19,1.28321e-18,1.29449e-16,5.67242e-15,5.6213e-17,0.000180691,5.53514e-06,1.05311e-07,2.63055e-12,2.17244e-25,8.71598e-18,1.74036e-27,3.20494e-40,2.88016e-20,1.44656e-16,5.51345e-15,1.78464e-18,0.755152,1.53781e-06,0,0,0,0,0.0987348
0.138776,-0.014347,0.316865,916.716,-0.076951,1.13932e-09,1.71308e-12,2.32789e-08,0.17475,1.04207e-06,0.0308927,7.17055e-09,8.92996e-08,4.25464e-33,8.35256e-40,8.8227e-34,3.266e-36,5.6141e-31,2.00657e-29,2.48e-07,0.0377345,1.25173e-20,2.66982e-23,1.51196e-34,8.52505e-34,5.99738e-30,7.42711e-39,8.51074e-31,0,0,0,0,3.60724e-36,6.03411e-32,3.11752e-28,1.64855e-19,4.17632e-19,1.10074e-16,4.87683e-15,1.66276e-17,0.000160777,5.24986e-06,9.38617e-08,1.24295e-12,6.5994e-26,7.74915e-18,1.5615e-27,2.22828e-41,2.56598e-20,1.28876e-16,4.75183e-15,8.26364e-19,0.756453,1.37009e-06,0,0,0,0,0.0879666
0.139796,-0.0139026,0.304986,850.369,-0.076951,8.84109e-10,5.7766e-13,1.27926e-08,0.181517,6.28e-07,0.0272991,3.46751e-09,9.00972e-08,0,4.83321e-41,1.13197e-34,6.46071e-37,2.90286e-31,1.55227e-29,2.10083e-07,0.0333448,3.67735e-21,9.09779e-24,1.89763e-35,4.40431e-34,4.11722e-30,1.74213e-39,7.38161e-31,0,0,0,0,7.65866e-37,4.17218e-32,2.75477e-28,2.56491e-20,1.40977e-19,1.00186e-16,4.18383e-15,4.30823e-18,0.000141946,4.83465e-06,8.29538e-08,5.66717e-13,1.89845e-26,6.84169e-18,1.41984e-27,2.43128e-42,2.26745e-20,1.13882e-16,4.11745e-15,3.66888e-19,0.75769,1.2107e-06,0,0,0,0,0.0777333
0.140816,-0.0134283,0.293246,786.412,-0.076951,7.16036e-10,1.79752e-13,6.48611e-09,0.187898,3.89273e-07,0.0239102,1.62444e-09,8.44072e-08,1.96239e-35,0,1.29294e-35,1.93386e-37,1.63554e-31,1.25422e-29,1.78591e-07,0.0292054,1.0072e-21,3.47847e-24,3.42738e-36,2.79863e-34,3.07565e-30,3.85915e-40,6.40749e-31,0,0,0,0,2.31574e-37,2.95785e-32,2.41277e-28,3.63546e-21,5.29753e-20,9.867e-17,3.56618e-15,9.91524e-19,0.000124247,4.35344e-06,7.26589e-08,2.58432e-13,5.18275e-27,5.99028e-18,1.34846e-27,2.98529e-43,1.98596e-20,9.97447e-17,3.5654e-15,1.59172e-19,0.758856,1.06041e-06,0,0,0,0,0.0680834
0.141837,-0.0129336,0.281718,725.272,-0.076951,5.93058e-10,5.37813e-14,3.05761e-09,0.193867,2.48868e-07,0.0207401,7.57566e-10,7.62594e-08,3.31618e-36,4.08933e-41,1.70685e-36,7.20569e-38,9.47277e-32,1.03671e-29,1.51614e-07,0.0253331,2.65721e-22,1.48154e-24,1.00255e-36,1.93738e-34,2.41055e-30,8.00346e-41,5.53547e-31,0,0,0,0,8.36674e-38,2.15345e-32,2.09286e-28,4.76474e-22,2.42604e-20,1.04008e-16,3.01067e-15,2.10235e-19,0.000107726,3.84918e-06,6.30258e-08,1.23368e-13,1.33369e-27,5.19536e-18,1.40941e-27,3.56092e-42,1.72265e-20,8.65196e-17,3.07242e-15,6.8283e-20,0.759947,9.19809e-07,0,0,0,0,0.0590563
0.142857,-0.0124296,0.270481,667.402,-0.076951,4.95492e-10,1.62466e-14,1.38105e-09,0.199402,1.63182e-07,0.0178004,3.5838e-10,6.75441e-08,0,0,3.82034e-37,2.85401e-38,5.4894e-32,8.64787e-30,1.28091e-07,0.0217423,7.04937e-23,6.92481e-25,4.10862e-37,1.32259e-34,1.93418e-30,1.53361e-41,4.7424e-31,0,0,0,0,3.26452e-38,1.60774e-32,1.79621e-28,5.72021e-23,1.37671e-20,1.12487e-16,2.51324e-15,4.29507e-20,9.24268e-05,3.34893e-06,5.40926e-08,6.49917e-14,3.19187e-28,4.45875e-18,1.72284e-27,0,1.47847e-20,7.42562e-17,2.62706e-15,2.90388e-20,0.760958,7.89434e-07,0,0,0,0,0.0506856
0.143878,-0.0119288,0.259614,613.27,-0.076951,4.13932e-10,5.13138e-15,6.17407e-10,0.204483,1.08804e-07,0.0151018,1.73954e-10,5.89907e-08,3.01038e-37,8.24857e-42,1.34897e-37,1.16043e-38,3.20475e-32,7.21597e-30,1.07414e-07,0.0184462,1.938e-23,3.49836e-25,1.95156e-37,8.54287e-35,1.56629e-30,2.68531e-42,4.02026e-31,0,0,0,0,1.35e-38,1.22526e-32,1.5239e-28,6.61844e-24,8.83043e-21,1.18361e-16,2.07503e-15,8.73195e-21,7.83962e-05,2.86974e-06,4.58921e-08,3.95638e-14,7.01299e-29,3.78274e-18,2.61163e-27,1.18797e-43,1.25434e-20,6.29988e-17,2.22408e-15,1.22205e-20,0.761887,6.69755e-07,0,0,0,0,0.0430016
0.144898,-0.0114456,0.249195,563.343,-0.076951,3.43821e-10,1.71473e-15,2.7913e-10,0.209091,7.32079e-08,0.0126542,8.74336e-11,5.08624e-08,5.68752e-37,2.11534e-42,5.587e-38,4.79393e-39,1.89191e-32,5.98885e-30,8.92301e-08,0.0154565,5.56261e-24,1.8859e-25,9.80706e-38,5.21154e-35,1.26862e-30,4.28324e-43,3.36743e-31,0,0,0,0,5.86267e-39,9.47423e-33,1.27691e-28,1.1159e-24,5.78904e-21,1.17281e-16,1.69687e-15,1.78759e-21,6.56783e-05,2.42265e-06,3.84541e-08,2.82673e-14,1.40581e-29,3.16964e-18,4.75748e-27,7.39119e-43,1.05104e-20,5.27883e-17,1.86141e-15,5.08401e-21,0.762729,5.61204e-07,0,0,0,0,0.0360321
0.145918,-0.010995,0.239299,518.048,-0.076951,2.82967e-10,6.03863e-16,1.28938e-10,0.213212,4.94428e-08,0.0104657,4.58874e-11,4.3267e-08,0,3.0381e-43,2.37924e-38,1.96969e-39,1.11367e-32,4.92614e-30,7.33249e-08,0.0127834,1.65404e-24,1.07355e-25,5.04083e-38,3.02306e-35,1.02161e-30,6.27823e-44,2.78455e-31,0,0,0,0,2.63533e-39,7.38818e-33,1.05608e-28,4.30694e-25,3.69568e-21,1.08838e-16,1.37583e-15,3.68562e-22,5.43121e-05,2.01503e-06,3.18037e-08,2.29616e-14,2.58317e-30,2.62146e-18,7.64545e-27,8.07524e-44,8.69266e-21,4.36588e-17,1.53848e-15,2.09647e-21,0.763482,4.64146e-07,0,0,0,0,0.0298005
0.146939,-0.0105923,0.22999,477.738,-0.076951,2.30316e-10,2.2232e-16,6.11659e-11,0.216834,3.34242e-08,0.0085418,2.52529e-11,3.62775e-08,0,0,9.90103e-39,7.82667e-40,6.38172e-33,4.00808e-30,5.95595e-08,0.0104334,5.0405e-25,6.39575e-26,2.61762e-38,1.67407e-35,8.15294e-31,8.65286e-45,2.27246e-31,0,0,0,0,1.20964e-39,5.78018e-33,8.61939e-29,2.36038e-25,2.27476e-21,9.55212e-17,1.10619e-15,7.66554e-23,4.43233e-05,1.65173e-06,2.59572e-08,1.97839e-14,4.4309e-31,2.13955e-18,9.19324e-27,1.76091e-43,7.09469e-21,3.5633e-17,1.25521e-15,8.63363e-22,0.764144,3.78822e-07,0,0,0,0,0.0243223
0.147959,-0.0102514,0.221316,442.634,-0.076951,1.85307e-10,8.51275e-17,2.99318e-11,0.219957,2.26075e-08,0.00688321,1.45406e-11,2.99671e-08,2.8314e-37,0,4.05233e-39,3.0432e-40,3.60557e-33,3.22405e-30,4.78237e-08,0.00840751,1.5645e-25,3.95504e-26,1.36848e-38,8.88849e-36,6.44413e-31,1.16432e-45,1.83111e-31,0,0,0,0,5.6236e-40,4.51956e-33,6.94574e-29,1.31491e-25,1.35862e-21,8.03737e-17,8.81788e-16,1.6256e-23,3.5714e-05,1.33541e-06,2.0917e-08,1.69285e-14,7.32968e-32,1.72411e-18,9.06943e-27,0,5.71709e-21,2.8714e-17,1.01128e-15,3.59474e-22,0.764715,3.05265e-07,0,0,0,0,0.0195995
0.14898,-0.00998341,0.213302,412.782,-0.076951,1.47512e-10,3.38761e-17,1.51512e-11,0.222591,1.53262e-08,0.00548431,8.70329e-12,2.4406e-08,0,0,1.64753e-39,1.17302e-40,2.03077e-33,2.56607e-30,3.8003e-08,0.00669882,4.9487e-26,2.51849e-26,7.20739e-39,4.56237e-36,5.05067e-31,1.60733e-46,1.45892e-31,0,0,0,0,2.64326e-40,3.52468e-33,5.53412e-29,7.09755e-26,7.9622e-22,6.56553e-17,6.97202e-16,3.58782e-24,2.8454e-05,1.06671e-06,1.66659e-08,1.39753e-14,1.22279e-32,1.37371e-18,8.04501e-27,0,4.55518e-21,2.28783e-17,8.05659e-16,1.53704e-22,0.765196,2.43225e-07,0,0,0,0,0.0156162
0.15102,-0.00967245,0.199091,367.393,-0.076951,9.06433e-11,6.28787e-18,4.78681e-12,0.226568,7.42183e-09,0.00337205,3.53677e-12,1.55061e-08,3.0211e-37,0,2.93659e-40,1.88642e-41,6.74446e-34,1.57659e-30,2.32986e-08,0.00411879,5.51478e-27,1.18392e-26,2.12204e-39,1.17493e-36,3.03664e-31,4.03775e-48,8.96998e-32,0,0,0,0,6.3051e-41,2.12283e-33,3.40268e-29,2.07014e-26,2.73138e-22,4.09113e-17,4.25539e-16,2.22123e-25,1.74938e-05,6.57796e-07,1.02471e-08,8.46634e-15,4.2189e-34,8.44632e-19,5.26873e-27,2.17051e-45,2.80077e-21,1.40668e-17,4.95325e-16,3.32356e-23,0.765923,1.49548e-07,0,0,0,0,0.00960171
0.153061,-0.00963791,0.186965,337.579,-0.076951,5.36513e-11,1.32069e-18,1.75084e-12,0.229158,3.66878e-09,0.00199636,1.55624e-12,9.38599e-09,0,3.99903e-46,4.43964e-41,2.61647e-42,1.92034e-34,9.33123e-31,1.37709e-08,0.00243846,6.61244e-28,5.89808e-27,6.303e-40,2.92719e-37,1.77106e-31,1.65562e-49,5.31044e-32,0,0,0,0,1.56475e-41,1.24368e-33,2.01449e-29,5.80254e-27,9.10769e-23,2.42609e-17,2.51006e-16,1.90295e-26,1.03564e-05,3.90112e-07,6.06662e-09,4.76457e-15,2.18219e-35,5.00049e-19,3.17801e-27,2.08313e-46,1.65815e-21,8.32801e-18,2.9324e-16,8.84091e-24,0.766396,8.8537e-08,0,0,0,0,0.00568451
0.155102,-0.00983921,0.176487,319.465,-0.076951,3.12972e-11,3.17949e-19,7.30677e-13,0.230724,1.8747e-09,0.0011647,7.37823e-13,5.5553e-09,7.11051e-42,0,9.11753e-42,4.28876e-43,6.26697e-35,5.44317e-31,8.02614e-09,0.00142262,8.97889e-29,3.06971e-27,1.91891e-40,7.6434e-38,1.02406e-31,1.26146e-50,3.09815e-32,0,0,0,0,4.17243e-42,7.21297e-34,1.17528e-29,1.63184e-27,3.0141e-23,1.41408e-17,1.46136e-16,2.43133e-27,6.04189e-06,2.2784e-07,3.53933e-09,2.64849e-15,1.9365e-36,2.91734e-19,1.86667e-27,0,9.6738e-22,4.85865e-18,1.71077e-16,2.96617e-24,0.766682,5.16534e-08,0,0,0,0,0.00331641
0.159184,-0.010645,0.158291,302.588,-0.076951,1.05357e-11,2.71538e-20,1.97332e-13,0.232179,5.81848e-10,0.000392092,2.11675e-13,1.88661e-09,0,1.63721e-47,3.11407e-36,9.6974e-43,1.24537e-34,1.83233e-31,2.70063e-09,0.000478921,2.4769e-30,9.75612e-28,2.08553e-41,6.93198e-39,3.45214e-32,3.21414e-52,1.04298e-32,0,0,0,0,3.90242e-43,2.42167e-34,3.95653e-30,1.53528e-28,3.56343e-24,4.75251e-18,4.91497e-17,1.06895e-28,2.03395e-06,7.67448e-08,1.1915e-09,8.57707e-16,5.7382e-38,9.82112e-20,6.2909e-28,3.76794e-47,3.25665e-22,1.63565e-18,5.75922e-17,6.00967e-25,0.766948,1.73889e-08,0,0,0,0,0.00111646
0.163265,-0.0116474,0.141711,296.663,-0.076951,3.26526e-12,2.36401e-21,5.70082e-14,0.232688,1.75791e-10,0.000121521,6.20842e-14,5.86297e-10,1.07838e-39,8.39634e-49,1.22125e-36,2.0225e-43,2.0702e-34,5.67884e-32,8.36887e-10,0.000148432,6.56885e-32,2.9787e-28,1.99997e-42,6.20206e-40,1.07823e-32,1.76836e-53,3.2325e-33,0,0,0,0,3.50626e-44,7.49984e-35,1.22625e-30,1.01829e-29,3.51311e-25,1.47205e-18,1.5229e-17,7.23083e-30,6.3038e-07,2.37894e-08,3.69282e-10,2.61491e-16,3.33633e-39,3.04386e-20,1.94992e-28,1.06101e-48,1.00933e-22,5.06936e-19,1.78495e-17,1.54874e-25,0.767041,5.38935e-09,0,0,0,0,0.000346023
0.167347,-0.0126609,0.125737,294.775,-0.076951,9.50392e-13,1.94251e-22,1.62615e-14,0.23285,5.0801e-11,3.53707e-05,1.77692e-14,1.7078e-10,2.25829e-39,4.78067e-49,9.49267e-37,8.20336e-44,1.96668e-34,1.65291e-32,2.4358e-10,4.32035e-05,1.56195e-33,8.58866e-29,1.70414e-43,5.22971e-41,3.1614e-33,1.25019e-54,9.40871e-34,0,0,0,0,2.90991e-45,2.18251e-35,3.56919e-31,4.25809e-31,3.00724e-26,4.28389e-19,4.43233e-18,5.47002e-31,1.83482e-07,6.92461e-09,1.07486e-10,7.54598e-17,2.4016e-40,8.85965e-21,5.6756e-29,5.65085e-49,2.93783e-23,1.47552e-19,5.19539e-18,4.25048e-26,0.767071,1.56866e-09,0,0,0,0,0.000100716
0.171429,-0.0135977,0.109957,294.215,-0.076951,2.63161e-13,1.47641e-23,4.47864e-15,0.232899,1.40407e-11,9.79457e-06,4.89732e-15,4.73006e-11,0,2.18046e-50,6.55072e-38,0,1.28672e-34,4.57712e-33,6.74497e-11,1.19636e-05,3.28177e-35,2.32789e-29,1.31275e-44,4.11153e-42,8.79392e-34,9.08341e-56,2.60539e-34,0,0,0,0,2.21818e-46,6.04332e-36,9.88353e-32,1.18718e-32,2.31388e-27,1.1862e-19,1.22734e-18,4.05577e-32,5.08085e-08,1.91753e-09,2.97641e-11,2.07682e-17,1.7547e-41,2.45334e-21,1.57164e-29,3.1042e-51,8.13521e-24,4.0859e-20,1.43867e-18,1.15692e-26,0.76708,4.34381e-10,0,0,0,0,2.78894e-05
0.17551,-0.0144236,0.0942323,294.057,-0.076951,6.99764e-14,1.04181e-24,1.1895e-15,0.232912,3.73246e-12,2.60497e-06,1.30089e-15,1.25808e-11,0,0,6.07659e-38,0,6.57732e-35,1.21733e-33,1.79389e-11,3.18185e-06,6.15704e-37,6.10894e-30,9.31095e-46,3.03754e-43,2.34397e-34,6.32863e-57,6.92931e-35,0,0,0,0,1.5665e-47,1.60727e-36,2.62863e-32,8.76042e-34,1.63842e-28,3.15481e-20,3.26424e-19,2.84198e-33,1.35131e-08,5.0999e-10,7.9161e-12,5.49437e-18,1.22206e-42,6.52494e-22,4.17996e-30,1.86087e-51,2.16365e-24,1.08669e-20,3.8263e-19,3.06248e-27,0.767082,1.15528e-10,0,0,0,0,7.4175e-06
0.179592,-0.0151265,0.078523,294.015,-0.076951,1.80016e-14,6.90113e-26,3.06151e-16,0.232916,9.60837e-13,6.70672e-07,3.34824e-16,3.23906e-12,0,1.05699e-52,1.91968e-38,2.47189e-45,2.83683e-35,3.13413e-34,4.61852e-12,8.19193e-07,1.05071e-38,1.59326e-30,6.18201e-47,2.13448e-44,6.04019e-35,4.17789e-58,1.78401e-35,0,0,0,0,1.03791e-48,4.13803e-37,6.76763e-33,6.12514e-36,1.08635e-29,8.12228e-21,8.40404e-20,1.87905e-34,3.47905e-09,1.31301e-10,2.03806e-12,1.40757e-18,8.07852e-44,1.6799e-22,1.07616e-30,7.37335e-53,5.57049e-25,2.79777e-21,9.85111e-20,7.87501e-28,0.767083,2.97437e-11,0,0,0,0,1.9097e-06
0.183673,-0.0157029,0.0628175,294.004,-0.076951,4.50346e-15,4.34615e-27,7.68335e-17,0.232917,2.41139e-13,1.68322e-07,8.40276e-17,8.12925e-13,2.35296e-40,0,2.52536e-39,5.27512e-47,1.08429e-35,7.86587e-35,1.15913e-12,2.05597e-07,1.66573e-40,4.03086e-31,3.89908e-48,1.44309e-45,1.51645e-35,2.62881e-59,4.47741e-36,0,0,0,0,6.53694e-50,1.03854e-37,1.69851e-33,0,6.84332e-31,2.03849e-21,2.1092e-20,1.1828e-35,8.73155e-10,3.29533e-11,5.11503e-13,3.51583e-19,5.09352e-45,4.21613e-23,2.7009e-31,0,1.39805e-25,7.02171e-22,2.47238e-20,1.97583e-28,0.767083,7.46493e-12,0,0,0,0,4.79286e-07
0.187755,-0.0161514,0.0471129,294.001,-0.076951,1.09435e-15,2.63507e-28,1.89205e-17,0.232917,5.93781e-14,4.14479e-08,2.06911e-17,2.00177e-13,0,1.61131e-55,3.52142e-40,3.99192e-47,3.79117e-36,1.93691e-35,2.85427e-13,5.06266e-08,2.51761e-42,9.90924e-32,2.36731e-49,9.48028e-47,3.73455e-36,1.59356e-60,1.10253e-36,0,0,0,0,3.96358e-51,2.55732e-38,4.18243e-34,2.42408e-36,4.14956e-32,5.01961e-22,5.19374e-21,7.17042e-37,2.15007e-10,8.11449e-12,1.25953e-13,8.61751e-20,3.07987e-46,1.03819e-23,6.65074e-32,9.63085e-56,3.4426e-26,1.72904e-22,6.08804e-21,4.86497e-29,0.767083,1.83818e-12,0,0,0,0,1.1802e-07
0.191837,-0.0164719,0.0314086,294,-0.076951,2.51359e-16,1.55664e-29,4.59944e-18,0.232917,1.44334e-14,1.0075e-08,5.02961e-18,4.86582e-14,0,3.78453e-56,2.23191e-40,1.33982e-47,1.23057e-36,4.70817e-36,6.93807e-14,1.23061e-08,3.80301e-44,2.46094e-32,1.4007e-50,6.09039e-48,9.07815e-37,9.41511e-62,2.67998e-37,0,0,0,0,2.34191e-52,6.21625e-39,1.01665e-34,0,2.45183e-33,1.22015e-22,1.26248e-21,4.23573e-38,5.22632e-11,1.97244e-12,3.06163e-14,2.08559e-20,1.82026e-47,2.52359e-24,1.61664e-32,3.57705e-56,8.36814e-27,4.20289e-23,1.47986e-21,1.18254e-29,0.767083,4.46818e-13,0,0,0,0,2.8688e-08
0.195918,-0.0166641,0.0157043,294,-0.076951,4.5976e-17,9.05873e-31,1.11008e-18,0.232917,3.48326e-15,2.43144e-09,1.21383e-18,1.17429e-14,2.90875e-43,4.47129e-58,7.00099e-41,0,3.64729e-37,1.13624e-36,1.67439e-14,2.96989e-09,6.41621e-46,5.88036e-33,8.16807e-52,3.80629e-49,2.19089e-37,5.48346e-63,6.46771e-38,0,0,0,0,1.36398e-53,1.50019e-39,2.45353e-35,8.09032e-38,1.42803e-34,2.94463e-23,3.04678e-22,2.46492e-39,1.26129e-11,4.76017e-13,7.38876e-15,5.01566e-21,1.06152e-48,6.09028e-25,3.90149e-33,6.01495e-58,2.01952e-27,1.0143e-23,3.5714e-22,2.85386e-30,0.767083,1.07832e-13,0,0,0,0,6.92338e-09
0.2,-0.0167282,0,294,-0.076951,0,2.18611e-31,2.67307e-19,0.232917,8.38773e-16,5.85493e-10,2.92292e-19,2.82769e-15,2.07497e-43,1.40233e-59,0,3.67768e-50,8.78271e-38,2.73608e-37,4.03195e-15,7.15151e-10,1.54503e-46,1.416e-33,1.96688e-52,9.16558e-50,5.27567e-38,1.32042e-63,1.55743e-38,0,0,0,0,3.28446e-54,3.61247e-40,5.90811e-36,0,3.43871e-35,7.0907e-24,7.33668e-23,5.93555e-40,3.03719e-12,1.14625e-13,1.77922e-15,1.20778e-21,2.55616e-49,1.46654e-25,9.39483e-34,1.44841e-58,4.86301e-28,2.44244e-24,8.59997e-23,6.87211e-31,0.767083,2.59661e-14,0,0,0,0,1.66716e-09
